id,category,image_url,file_path
1,happiness,https://encrypted-tbn0.gstatic.com/images?q=tbn:ANd9GcRKKEb0617IzZ4EKF4b7_kyagYMfzugmZpZsQ&s,google_happiness_memes/happiness_1.jpg
2,happiness,https://encrypted-tbn0.gstatic.com/images?q=tbn:ANd9GcQMmHVz40RafOZNjxglhmvQgRlrWelQFY-QRw&s,google_happiness_memes/happiness_2.jpg
3,happiness,https://encrypted-tbn0.gstatic.com/images?q=tbn:ANd9GcSacjt7mQbH4IUR7bLTeH1SJvbsum2swcfYNA&s,google_happiness_memes/happiness_3.png
4,happiness,https://encrypted-tbn0.gstatic.com/images?q=tbn:ANd9GcRs6p0eh92oP3rVLwbkFbc0XqS6S6I92lEiTg&s,google_happiness_memes/happiness_4.jpg
5,happiness,https://encrypted-tbn0.gstatic.com/images?q=tbn:ANd9GcQR2CS3xgqgv2kxKNYJcoMJ0PgGngn8BI908Q&s,google_happiness_memes/happiness_5.jpg
6,happiness,https://encrypted-tbn0.gstatic.com/images?q=tbn:ANd9GcRw1Q6FYti0Ps8ZpZ_57Z7x-i6jOxRKGYyqVw&s,google_happiness_memes/happiness_6.jpg
7,happiness,https://encrypted-tbn0.gstatic.com/images?q=tbn:ANd9GcSI5LRMZU-bWN3TeJe_iFZKZKuUbhRp_SwDXw&s,google_happiness_memes/happiness_7.jpg
8,happiness,https://encrypted-tbn0.gstatic.com/images?q=tbn:ANd9GcQU71b3x0oNvcCDGXzu-zhIqJvvQcIt1SSQKw&s,google_happiness_memes/happiness_8.jpg
9,happiness,https://encrypted-tbn0.gstatic.com/images?q=tbn:ANd9GcQXqaVZdE3EBqa192VBJ65XgJkwjvKopMgFdQ&s,google_happiness_memes/happiness_9.jpg
10,happiness,https://encrypted-tbn0.gstatic.com/images?q=tbn:ANd9GcRyZ1bYrZNeds85I0ghncIN2nBz76DfMdPKVg1DPE8JfWnzlEMCfN1f&s=0,google_happiness_memes/happiness_10.jpg
11,happiness,https://encrypted-tbn0.gstatic.com/images?q=tbn:ANd9GcTABm_WhxlH-8SgJLuIrlZQT85AzDxsrXw30Q&s,google_happiness_memes/happiness_11.jpg
12,happiness,https://encrypted-tbn0.gstatic.com/images?q=tbn:ANd9GcTk7Ptm-KRf_xqdt5ND8QWGlPMqtEAWGVy-8A&s,google_happiness_memes/happiness_12.jpg
13,happiness,https://encrypted-tbn0.gstatic.com/images?q=tbn:ANd9GcS7lmp9PtbSOHstO9vQFuLps3EsMbMl15PRKw&s,google_happiness_memes/happiness_13.jpg
14,happiness,https://encrypted-tbn0.gstatic.com/images?q=tbn:ANd9GcSrpaRhPcIXMBPeMvWm5M8jYmwTgASB8lTPew&s,google_happiness_memes/happiness_14.jpg
15,happiness,https://encrypted-tbn0.gstatic.com/images?q=tbn:ANd9GcR2nwCeU8z__Iq2cI3G6_AiddZhIr9mZxuxLg&s,google_happiness_memes/happiness_15.jpg
16,happiness,https://encrypted-tbn0.gstatic.com/images?q=tbn:ANd9GcR4nrH6UEYrzMCvZMtYFqQHfrYu3NvCDLJZjg&s,google_happiness_memes/happiness_16.jpg
17,happiness,https://encrypted-tbn0.gstatic.com/images?q=tbn:ANd9GcSocFaAZi1FpTZonM7n8B-sKTuOOSsoUoi-Xw&s,google_happiness_memes/happiness_17.jpg
18,happiness,https://encrypted-tbn0.gstatic.com/images?q=tbn:ANd9GcTEQEtOip6SZQIKksfHUNjMHtOE8ywSE929vQ&s,google_happiness_memes/happiness_18.png
19,happiness,https://encrypted-tbn0.gstatic.com/images?q=tbn:ANd9GcRm_uYliHxW_XV7VC40RQPLbiHvDCuF7-uR6Q&s,google_happiness_memes/happiness_19.jpg
20,happiness,https://encrypted-tbn0.gstatic.com/images?q=tbn:ANd9GcQWjNPNgWLvEBhH73lSq8kmwPS95PUqrzap2Q&s,google_happiness_memes/happiness_20.jpg
21,happiness,https://encrypted-tbn0.gstatic.com/images?q=tbn:ANd9GcTov7rnq1LBd5mPjUoZ5-lpFfEO62lKo76b6A&s,google_happiness_memes/happiness_21.jpg
22,happiness,https://encrypted-tbn0.gstatic.com/images?q=tbn:ANd9GcR0AiHAzDagwkgbneOCvbauNmWBDVRiYZz3dQ&s,google_happiness_memes/happiness_22.jpg
23,happiness,https://encrypted-tbn0.gstatic.com/images?q=tbn:ANd9GcQKExekanN5CILdAZn1eUv0-7ZldwCpYGZNbrbAJ7qW2BnfGnp2LZBk&s=0,google_happiness_memes/happiness_23.jpg
24,happiness,https://encrypted-tbn0.gstatic.com/images?q=tbn:ANd9GcRn3dTdJ-NdLY43wK6_RUXxtp_ayGXQLvCQmA&s,google_happiness_memes/happiness_24.jpg
25,happiness,https://encrypted-tbn0.gstatic.com/images?q=tbn:ANd9GcSNnm0sV_lGZOEgzod5MZxjA0piDjX5MMMPOg&s,google_happiness_memes/happiness_25.jpg
26,happiness,https://encrypted-tbn0.gstatic.com/images?q=tbn:ANd9GcSHx5aQxh7_0rn_Z48kp-BhS_1g4iZzVP3fTg&s,google_happiness_memes/happiness_26.png
27,happiness,https://encrypted-tbn0.gstatic.com/images?q=tbn:ANd9GcRUHl7wZMZBWOEE_BssSRGsLs0AQTB3wyIdDQ&s,google_happiness_memes/happiness_27.jpg
28,happiness,https://encrypted-tbn0.gstatic.com/images?q=tbn:ANd9GcSxtP-m3P2A1aww7zCjMOFjqMpsBQryezDjWQ&s,google_happiness_memes/happiness_28.jpg
29,happiness,https://encrypted-tbn0.gstatic.com/images?q=tbn:ANd9GcR-S4YfZVv9ymTg6XSJmDfipw0BHv1-CqDxJQ&s,google_happiness_memes/happiness_29.jpg
30,happiness,https://encrypted-tbn0.gstatic.com/images?q=tbn:ANd9GcRRTfr2FUDkf4-we-M5YRi4mVyL6AF6DKKxvg&s,google_happiness_memes/happiness_30.png
31,happiness,https://encrypted-tbn0.gstatic.com/images?q=tbn:ANd9GcRBXEs0MRJe6dTN7lbwoS9WMGwneqvtPtz73w&s,google_happiness_memes/happiness_31.jpg
32,happiness,https://encrypted-tbn0.gstatic.com/images?q=tbn:ANd9GcQHHcdQ7y1H4G7e5Kexl8nbqYV39nX0J9uG1w&s,google_happiness_memes/happiness_32.jpg
33,happiness,https://encrypted-tbn0.gstatic.com/images?q=tbn:ANd9GcSFzlHAXs40TKx5uLfuFkHK2wqPF6XdAX3xfA&s,google_happiness_memes/happiness_33.png
34,happiness,https://encrypted-tbn0.gstatic.com/images?q=tbn:ANd9GcQPYmEKAm5_31E7lwtHq8feTD9k8FtZi2mdg6AIM5hmgy9Grxqp803M&s=0,google_happiness_memes/happiness_34.jpg
35,happiness,https://encrypted-tbn0.gstatic.com/images?q=tbn:ANd9GcTDFJl97DFZFe9wlVLYljIT9rgDLeUIjLE6RQ&s,google_happiness_memes/happiness_35.jpg
36,happiness,https://encrypted-tbn0.gstatic.com/images?q=tbn:ANd9GcQiZLNpxkNqsosmU-lGmiuzTttDL7XtV1RbWA&s,google_happiness_memes/happiness_36.jpg
37,happiness,https://encrypted-tbn0.gstatic.com/images?q=tbn:ANd9GcTSP0SqlKxnx9y3bNMrnsT_x1-UGKT-FaxBOw&s,google_happiness_memes/happiness_37.jpg
38,happiness,https://encrypted-tbn0.gstatic.com/images?q=tbn:ANd9GcS_3K5EducEqYUhXEmKdTV5ebyS7GjngVujbA&s,google_happiness_memes/happiness_38.jpg
39,happiness,https://encrypted-tbn0.gstatic.com/images?q=tbn:ANd9GcTGQMI99NRfovvQmZHDpDe4-5XaLSK9qRk2YA&s,google_happiness_memes/happiness_39.jpg
40,happiness,https://encrypted-tbn0.gstatic.com/images?q=tbn:ANd9GcQ6SIIByDWZVY0NGaoVSCUJCpfLDBS2MXkxRQ&s,google_happiness_memes/happiness_40.jpg
41,happiness,https://encrypted-tbn0.gstatic.com/images?q=tbn:ANd9GcQhMPtYyDbPMZ70RAChzsKKr5OQ41mtJzUB3w&s,google_happiness_memes/happiness_41.jpg
42,happiness,https://encrypted-tbn0.gstatic.com/images?q=tbn:ANd9GcSJh6emXBk7Ra8YK4tStPtA1K0ZJZvB57ML5Q&s,google_happiness_memes/happiness_42.jpg
43,happiness,https://encrypted-tbn0.gstatic.com/images?q=tbn:ANd9GcTCgrOA6GJg4RH-gg8b7jq-3xjYKsuQ4TOy2w&s,google_happiness_memes/happiness_43.jpg
44,happiness,https://encrypted-tbn0.gstatic.com/images?q=tbn:ANd9GcR8lSiYMJl7k2I4X8yj95_qSiix_viDqPiZLw&s,google_happiness_memes/happiness_44.jpg
45,happiness,https://encrypted-tbn0.gstatic.com/images?q=tbn:ANd9GcQh2XYp3IDxZyhHtqkJigTMpb6h_e7c5OOoBw&s,google_happiness_memes/happiness_45.jpg
46,happiness,https://encrypted-tbn0.gstatic.com/images?q=tbn:ANd9GcT-RwKHtehBAAG1bMCCNwiBEC2AEUfvLxEoag&s,google_happiness_memes/happiness_46.jpg
47,happiness,https://encrypted-tbn0.gstatic.com/images?q=tbn:ANd9GcQ-6PnCCAKfGeBccznxlq7NmcR_H8wlgIVGng&s,google_happiness_memes/happiness_47.jpg
48,happiness,https://encrypted-tbn0.gstatic.com/images?q=tbn:ANd9GcS9oFKpdedTbzNQm-ok54GV3azWtdtRIURUDw&s,google_happiness_memes/happiness_48.jpg
49,happiness,https://encrypted-tbn0.gstatic.com/images?q=tbn:ANd9GcTmS6qZpJDjaXM_1u7bZvyrYIUgOY_ATnDKIQ&s,google_happiness_memes/happiness_49.jpg
50,happiness,https://encrypted-tbn0.gstatic.com/images?q=tbn:ANd9GcRfSlRJDJiOcuYTOGfmQUALe6bTY_qDcV-IRQ&s,google_happiness_memes/happiness_50.jpg
51,happiness,https://encrypted-tbn0.gstatic.com/images?q=tbn:ANd9GcQoRdtZAXApvAxfDKya5CxpHWeH_t7Uh3kqVA&s,google_happiness_memes/happiness_51.jpg
52,happiness,https://encrypted-tbn0.gstatic.com/images?q=tbn:ANd9GcQBZNcbg7oXHnT8BxY_k3ZeC3L-mga0r0v_tQ&s,google_happiness_memes/happiness_52.jpg
53,happiness,https://encrypted-tbn0.gstatic.com/images?q=tbn:ANd9GcRgCPORuz7RRMRoVpZC257Yz4DPxVTzOjBzGA&s,google_happiness_memes/happiness_53.jpg
54,happiness,https://encrypted-tbn0.gstatic.com/images?q=tbn:ANd9GcRU2zR3AsJJwgWgJnlFwH7quTd7kXgx0sUVWA&s,google_happiness_memes/happiness_54.jpg
55,happiness,https://encrypted-tbn0.gstatic.com/images?q=tbn:ANd9GcSYCp5PstGPwHMb1b_lWnDBhCDHqkxdT9vTfw&s,google_happiness_memes/happiness_55.jpg
56,happiness,https://encrypted-tbn0.gstatic.com/images?q=tbn:ANd9GcQ4BDC86jEk98G27FHa8gmOdkLXsVYk5Ik2Zg&s,google_happiness_memes/happiness_56.jpg
57,happiness,https://encrypted-tbn0.gstatic.com/images?q=tbn:ANd9GcTVPCO16Jv2b7f41aYOLv2jnZfDf5Z28xB62_oWvznblMgYUxwQhjzVLD77&s,google_happiness_memes/happiness_57.jpg
58,happiness,https://encrypted-tbn0.gstatic.com/images?q=tbn:ANd9GcRWmGpZLn-pILeU0-ofSvk6x4BO77ZQPDy9TwtsgZrZy4ANaPY8EYez&s=0,google_happiness_memes/happiness_58.jpg
59,happiness,https://encrypted-tbn0.gstatic.com/images?q=tbn:ANd9GcSLKUNVreII2A0Y6HAVUUdktq5Mr8pGVsGgQg&s,google_happiness_memes/happiness_59.jpg
60,happiness,https://encrypted-tbn0.gstatic.com/images?q=tbn:ANd9GcQL2PB6B8L2wDlpt6D00M3_-q39KFWKamnAzA&s,google_happiness_memes/happiness_60.jpg
61,happiness,https://encrypted-tbn0.gstatic.com/images?q=tbn:ANd9GcTT-9P4s3S7Q9uAvd3xgscWGi9OBu5LJVZwRg&s,google_happiness_memes/happiness_61.jpg
62,happiness,https://encrypted-tbn0.gstatic.com/images?q=tbn:ANd9GcROWz52uEd76CcFsN06nwA5B0HufriUQ6qDIaNmmCnZmF-ggHEaXkuk&s=0,google_happiness_memes/happiness_62.jpg
63,happiness,https://encrypted-tbn0.gstatic.com/images?q=tbn:ANd9GcRPwY7lHjkyixVs5I41_4NDrhzRHOr0k_fDLg&s,google_happiness_memes/happiness_63.jpg
64,happiness,https://encrypted-tbn0.gstatic.com/images?q=tbn:ANd9GcTKo43BFbKqZVD3KFWgPHrLOf2G6Ve9prKXmw&s,google_happiness_memes/happiness_64.jpg
65,happiness,https://encrypted-tbn0.gstatic.com/images?q=tbn:ANd9GcQCIrOIA0GlkTbDc5SEqro71jPA9DTT8zs7QQ&s,google_happiness_memes/happiness_65.jpg
66,happiness,https://encrypted-tbn0.gstatic.com/images?q=tbn:ANd9GcTofmyRFiv96VZLGV88nqyfVgC5iwcfUv4h7Q&s,google_happiness_memes/happiness_66.jpg
67,happiness,https://encrypted-tbn0.gstatic.com/images?q=tbn:ANd9GcQLfyKtM_-K6AkBm_IZQAoXZtL1sbUNs5WqzA&s,google_happiness_memes/happiness_67.png
68,happiness,https://encrypted-tbn0.gstatic.com/images?q=tbn:ANd9GcTtdjo5yA9BYCdiLCG49JN-ZtsS_A_FQ_Axmg&s,google_happiness_memes/happiness_68.jpg
69,happiness,https://encrypted-tbn0.gstatic.com/images?q=tbn:ANd9GcRZuUJZSTqVoWOY03xjXUj4GvTMFccTwIMAnw&s,google_happiness_memes/happiness_69.jpg
70,happiness,https://encrypted-tbn0.gstatic.com/images?q=tbn:ANd9GcQxPk1GJlgr9BZw27qXjV4ifzGN00A9Cel29g&s,google_happiness_memes/happiness_70.jpg
71,happiness,https://encrypted-tbn0.gstatic.com/images?q=tbn:ANd9GcSmXfAIZBtV8zKTRK-QFNiRLFrBFrU0SPEMwA&s,google_happiness_memes/happiness_71.jpg
72,happiness,https://encrypted-tbn0.gstatic.com/images?q=tbn:ANd9GcTayyB2aR9NJmLhqoqQvaupM9B6h6OuKCdANQ&s,google_happiness_memes/happiness_72.jpg
73,happiness,https://encrypted-tbn0.gstatic.com/images?q=tbn:ANd9GcQu4hVJ21h9ELuUhnz-UoWEanxxxaK45wjqKQ&s,google_happiness_memes/happiness_73.jpg
74,happiness,https://encrypted-tbn0.gstatic.com/images?q=tbn:ANd9GcRuMkPtCIx4bD8oH89UcqhaWl5U0nkBR-hpbA&s,google_happiness_memes/happiness_74.jpg
75,happiness,https://encrypted-tbn0.gstatic.com/images?q=tbn:ANd9GcSuhG02QD4o8gTDNiGYr6hRby38lxzK5fpoJw&s,google_happiness_memes/happiness_75.jpg
76,happiness,https://encrypted-tbn0.gstatic.com/images?q=tbn:ANd9GcR5MSkc7jbe-e99-luNz7BOqMn6yGJTb6cjnw&s,google_happiness_memes/happiness_76.jpg
77,happiness,https://encrypted-tbn0.gstatic.com/images?q=tbn:ANd9GcRO1jcFmgGXJHqZVLKSN-bIq8EVe5oAZPyaZA&s,google_happiness_memes/happiness_77.jpg
78,happiness,https://encrypted-tbn0.gstatic.com/images?q=tbn:ANd9GcRUxAFoMWjj12qX-Yjdq6dNuXNK1QLU3kYTSAb27-I2a-rkZvsFMyPH&s=0,google_happiness_memes/happiness_78.jpg
79,happiness,https://encrypted-tbn0.gstatic.com/images?q=tbn:ANd9GcRMERebRGouCaky-EAfBiJellXPkgNw4jheMA&s,google_happiness_memes/happiness_79.jpg
80,happiness,https://encrypted-tbn0.gstatic.com/images?q=tbn:ANd9GcSOZ_EJrD6e54IIapN9OxwHz1wYL3H-rkwUTw&s,google_happiness_memes/happiness_80.jpg
81,happiness,https://encrypted-tbn0.gstatic.com/images?q=tbn:ANd9GcT7WR1lfGhaEBdz0QjEvSLXPQ1mWuqLC5O_Hg&s,google_happiness_memes/happiness_81.jpg
82,happiness,https://encrypted-tbn0.gstatic.com/images?q=tbn:ANd9GcQN7qTNPQBSi1PSxw85dRVD4qtiLr6h4IlOSQ&s,google_happiness_memes/happiness_82.jpg
83,happiness,https://encrypted-tbn0.gstatic.com/images?q=tbn:ANd9GcSkOw753lX7sjOJuaIDk4Vd8KYtrDU-AzM4dw&s,google_happiness_memes/happiness_83.jpg
84,happiness,https://encrypted-tbn0.gstatic.com/images?q=tbn:ANd9GcS8wS54LcRY-fIZ8gfTrOlUDPeDT0xAQrI10w&s,google_happiness_memes/happiness_84.jpg
85,happiness,https://encrypted-tbn0.gstatic.com/images?q=tbn:ANd9GcTSoFvrE1rEXWA1VC-OeY_pdhu2jmyZsDiZwQ&s,google_happiness_memes/happiness_85.jpg
86,happiness,https://encrypted-tbn0.gstatic.com/images?q=tbn:ANd9GcSeAbEr3Yy1CIrd2md34W82zCbY9OPRC__NTg&s,google_happiness_memes/happiness_86.jpg
87,happiness,https://encrypted-tbn0.gstatic.com/images?q=tbn:ANd9GcR4kowghMiVjPyvKnFhkhBaXJ6dWPtZZLv-dA&s,google_happiness_memes/happiness_87.jpg
88,happiness,https://encrypted-tbn0.gstatic.com/images?q=tbn:ANd9GcRAsnI7zuSHb2E1v5IEMPAA-z9-Fep5YJT4bA&s,google_happiness_memes/happiness_88.jpg
89,happiness,https://encrypted-tbn0.gstatic.com/images?q=tbn:ANd9GcTUeAoTrS5-JHcpiqFxHEw-024pJVIxEUzsJw0cnywCROoo8468zlLv&s=0,google_happiness_memes/happiness_89.jpg
90,happiness,https://encrypted-tbn0.gstatic.com/images?q=tbn:ANd9GcQ5aV5SszfmvicrfJtF441LhJRSTupIgKrfxw&s,google_happiness_memes/happiness_90.jpg
91,happiness,https://encrypted-tbn0.gstatic.com/images?q=tbn:ANd9GcQJaaNlzsGRrfDyXiSMXkNDPQ3lzaLRCJ3lzg&s,google_happiness_memes/happiness_91.jpg
92,happiness,https://encrypted-tbn0.gstatic.com/images?q=tbn:ANd9GcRWGvwDOL8yUB_CHcx4nQA7kNey5bP5pjA-L7oWyvxv_u4YupHrFfvS&s=0,google_happiness_memes/happiness_92.jpg
93,happiness,https://encrypted-tbn0.gstatic.com/images?q=tbn:ANd9GcShi4z6ZqwoM5MBKBUmnhQN58fsIW_RKMagrw&s,google_happiness_memes/happiness_93.jpg
94,happiness,https://encrypted-tbn0.gstatic.com/images?q=tbn:ANd9GcQeA4N8Px-1Q4T4qMB4Mvkf3XSA4ceb31UOog&s,google_happiness_memes/happiness_94.jpg
95,happiness,https://encrypted-tbn0.gstatic.com/images?q=tbn:ANd9GcT0SE4B1FwjfGtoTkDVAlznPLABZdizELLJsw&s,google_happiness_memes/happiness_95.jpg
96,happiness,https://encrypted-tbn0.gstatic.com/images?q=tbn:ANd9GcRR98JB1dhVDXg4RVczU-EgynX99xO_glHaSl6HfbRXeKQ8Lb1sUh7L&s=0,google_happiness_memes/happiness_96.jpg
97,happiness,https://encrypted-tbn0.gstatic.com/images?q=tbn:ANd9GcRMPDn_CHIQqvJvavtOkVLd22s4HWoGMI_52Q&s,google_happiness_memes/happiness_97.jpg
98,happiness,https://encrypted-tbn0.gstatic.com/images?q=tbn:ANd9GcQwvaUrWwkmhWn7vX9Dz2VIHrT2VFdZ_bGHcw&s,google_happiness_memes/happiness_98.jpg
99,happiness,https://encrypted-tbn0.gstatic.com/images?q=tbn:ANd9GcT1o4FcY0Spk0Uj9dvcCqm0qIEJ1he_3qEjRA&s,google_happiness_memes/happiness_99.jpg
100,happiness,https://encrypted-tbn0.gstatic.com/images?q=tbn:ANd9GcQBn7eip25DTxKmPYHUAqa9cYsc1-oUw6P3HA&s,google_happiness_memes/happiness_100.jpg
101,hate,https://encrypted-tbn0.gstatic.com/images?q=tbn:ANd9GcQG3p1SA4oxpD4jIa2gId9fGf6IPD9okI1mWw&s,google_hate_memes/hate_1.jpg
102,hate,https://encrypted-tbn0.gstatic.com/images?q=tbn:ANd9GcQTgIjY1hkrvkRvEibWsDVQtwhgpiGhduUtow&s,google_hate_memes/hate_2.jpg
103,hate,https://encrypted-tbn0.gstatic.com/images?q=tbn:ANd9GcQPM1FnZ85ECmjjIYPNQTi17reskUn6Ls306g&s,google_hate_memes/hate_3.jpg
104,hate,https://encrypted-tbn0.gstatic.com/images?q=tbn:ANd9GcQW8JiUWW9z5JSPSqUng4qsFxqGc384Koz4Zg&s,google_hate_memes/hate_4.jpg
105,hate,https://encrypted-tbn0.gstatic.com/images?q=tbn:ANd9GcRTkLkR0JkUTz63Qmp3QPF4BTUqBY0td_jqPw&s,google_hate_memes/hate_5.png
106,hate,https://encrypted-tbn0.gstatic.com/images?q=tbn:ANd9GcQcN4dAw0cDivBGhiYqSNv4OjhuF_28i4WnQQ&s,google_hate_memes/hate_6.jpg
107,hate,https://encrypted-tbn0.gstatic.com/images?q=tbn:ANd9GcQa9lOGOHtamU66GV2DHT6JarYpxG1Lv_lYAA&s,google_hate_memes/hate_7.jpg
108,hate,https://encrypted-tbn0.gstatic.com/images?q=tbn:ANd9GcQdMooKcocrUrEyzJGIMh_GUa4UIX-QCjvxkQ&s,google_hate_memes/hate_8.jpg
109,hate,https://encrypted-tbn0.gstatic.com/images?q=tbn:ANd9GcQudbHCsMH6D7CnHYJAN9O9Pd7cY8QIERdGOA&s,google_hate_memes/hate_9.jpg
110,hate,https://encrypted-tbn0.gstatic.com/images?q=tbn:ANd9GcQk4TshUoS8AaO6izE0GxR9YUP3VPOLn5VpOw&s,google_hate_memes/hate_10.jpg
111,hate,https://encrypted-tbn0.gstatic.com/images?q=tbn:ANd9GcS_Uv2dFi8lHUE9rD1KbUaZgDmiQmNbuG7YzA&s,google_hate_memes/hate_11.jpg
112,hate,https://encrypted-tbn0.gstatic.com/images?q=tbn:ANd9GcQJz4hqljlnvYEhnQnSq1lNwinnOYvmR9fEZA&s,google_hate_memes/hate_12.jpg
113,hate,https://encrypted-tbn0.gstatic.com/images?q=tbn:ANd9GcSrGeR541UDix644g4ebgJqrZEx_ZwYMxP4FQ&s,google_hate_memes/hate_13.jpg
114,hate,https://encrypted-tbn0.gstatic.com/images?q=tbn:ANd9GcTEzn1zbtRxvAlv1Mf-nElLk82JAxkR8w6C6A&s,google_hate_memes/hate_14.jpg
115,hate,https://encrypted-tbn0.gstatic.com/images?q=tbn:ANd9GcSw2qT4h8-eZCP5ZBhWc-z3bsuFG1KLq5ODPA&s,google_hate_memes/hate_15.png
116,hate,https://encrypted-tbn0.gstatic.com/images?q=tbn:ANd9GcTMm8_bLNx1VOSmSOLsWhHp3CVVyOVvnk6QPA&s,google_hate_memes/hate_16.jpg
117,hate,https://encrypted-tbn0.gstatic.com/images?q=tbn:ANd9GcTv1cjQnRrojy7hOs2LnuDF5UIWAldmXMiTRg&s,google_hate_memes/hate_17.jpg
118,hate,https://encrypted-tbn0.gstatic.com/images?q=tbn:ANd9GcS6COp0_xG67gGSCrv0zZ6NLOPnG_X6vBaHNQ&s,google_hate_memes/hate_18.jpg
119,hate,https://encrypted-tbn0.gstatic.com/images?q=tbn:ANd9GcT64ePMGYVODWLVH3e0mp1V3L0y80Kt9TrUyw&s,google_hate_memes/hate_19.jpg
120,hate,https://encrypted-tbn0.gstatic.com/images?q=tbn:ANd9GcQ1whAbA1hUx2yL6wxkV810xDYjTGodV_2O4w&s,google_hate_memes/hate_20.jpg
121,hate,https://encrypted-tbn0.gstatic.com/images?q=tbn:ANd9GcS0UaQ5YuGRiyd-3IZ_tXpW9lShWm25LfEu3Q&s,google_hate_memes/hate_21.jpg
122,hate,https://encrypted-tbn0.gstatic.com/images?q=tbn:ANd9GcQDjJkX5XIMDpHOX0Lo49k7HSkgLjyI2fmFmQ&s,google_hate_memes/hate_22.jpg
123,hate,https://encrypted-tbn0.gstatic.com/images?q=tbn:ANd9GcSXJoymQErUwLjNBqV9aBmUq_Cbr_AdZkTuCg&s,google_hate_memes/hate_23.jpg
124,hate,https://encrypted-tbn0.gstatic.com/images?q=tbn:ANd9GcQfkh5yTX96junz6OaBP9eVhzru5DqaanAahA&s,google_hate_memes/hate_24.jpg
125,hate,https://encrypted-tbn0.gstatic.com/images?q=tbn:ANd9GcT1ypiXWt_F5OqR2KLIRgDHyie1rlwr3VRilg&s,google_hate_memes/hate_25.jpg
126,hate,https://encrypted-tbn0.gstatic.com/images?q=tbn:ANd9GcRBpMooV5ItEMTE24O8JaMXXk6mdc77dR79Xw&s,google_hate_memes/hate_26.png
127,hate,https://encrypted-tbn0.gstatic.com/images?q=tbn:ANd9GcT1I6iUCCFEcNaRCchJB1YOFNYWNhN7OiNSzQ&s,google_hate_memes/hate_27.jpg
128,hate,https://encrypted-tbn0.gstatic.com/images?q=tbn:ANd9GcRVUleWPK9pJ5ULZ6rTXHgmWya1bD0P36FKtQ&s,google_hate_memes/hate_28.jpg
129,hate,https://encrypted-tbn0.gstatic.com/images?q=tbn:ANd9GcSO2_NUgtlSy4JLFc9iAgefQS7LU9d9oZfMoQ&s,google_hate_memes/hate_29.jpg
130,hate,https://encrypted-tbn0.gstatic.com/images?q=tbn:ANd9GcRBMIqBUnIQ7dJ3VHKAHulzypCfdYwWhgL9dw&s,google_hate_memes/hate_30.jpg
131,hate,https://encrypted-tbn0.gstatic.com/images?q=tbn:ANd9GcStnT9kc_HchYSCsGGIDY6AoALLLof1glkWSg&s,google_hate_memes/hate_31.jpg
132,hate,https://encrypted-tbn0.gstatic.com/images?q=tbn:ANd9GcTibKA01cqYhQWqHGEcom5DsyVUzj2B7yK7BA&s,google_hate_memes/hate_32.png
133,hate,https://encrypted-tbn0.gstatic.com/images?q=tbn:ANd9GcRtahNai0AAP7JpfBp-LSUtUtEPNoIubiZitQ&s,google_hate_memes/hate_33.jpg
134,hate,https://encrypted-tbn0.gstatic.com/images?q=tbn:ANd9GcSO_NgHKfo0cAwhAmkEPn2MrBKeXrH4DSt_8Q&s,google_hate_memes/hate_34.jpg
135,hate,https://encrypted-tbn0.gstatic.com/images?q=tbn:ANd9GcSLkC2dXLs0jD3XOZiC0dvSI_V4bEuwwy8zGA&s,google_hate_memes/hate_35.jpg
136,hate,https://encrypted-tbn0.gstatic.com/images?q=tbn:ANd9GcS1wZpwmYpkPCvfxzRpxiXFjPWtbDBlEj9wJg&s,google_hate_memes/hate_36.jpg
137,hate,https://encrypted-tbn0.gstatic.com/images?q=tbn:ANd9GcTwz1MpC4u2tvv-qrBEJOzB6SIhk3hweB3eow&s,google_hate_memes/hate_37.jpg
138,hate,https://encrypted-tbn0.gstatic.com/images?q=tbn:ANd9GcQB4hp3iljSP91DQALcW9S_Hu61VkmenYJHFQ&s,google_hate_memes/hate_38.jpg
139,hate,https://encrypted-tbn0.gstatic.com/images?q=tbn:ANd9GcQLXKiz1dE_lt0Tn-jrkCh_Arb1lkDPi04Z_A&s,google_hate_memes/hate_39.jpg
140,hate,https://encrypted-tbn0.gstatic.com/images?q=tbn:ANd9GcRY0zrlykFJyeIONv0NkOINqgv183bW413r5Q&s,google_hate_memes/hate_40.jpg
141,hate,https://encrypted-tbn0.gstatic.com/images?q=tbn:ANd9GcQT_asD-QRkKTKFxkffvrpPw9cttfbIcOBtIg&s,google_hate_memes/hate_41.jpg
142,hate,https://encrypted-tbn0.gstatic.com/images?q=tbn:ANd9GcS09HDQd73OwQCVwvqWQa4-IyvGEL34Y3QBNw&s,google_hate_memes/hate_42.jpg
143,hate,https://encrypted-tbn0.gstatic.com/images?q=tbn:ANd9GcQS7aPAuU2aAwP6Oryws2mWETq7nVURK-hSSA&s,google_hate_memes/hate_43.jpg
144,hate,https://encrypted-tbn0.gstatic.com/images?q=tbn:ANd9GcSg_NAUQRdFjNHBr5mN9PGDx07qCBCxoXZIig&s,google_hate_memes/hate_44.jpg
145,hate,https://encrypted-tbn0.gstatic.com/images?q=tbn:ANd9GcTs28PlK9pXiOND0hs1r6Z340LAatq-_npsJw&s,google_hate_memes/hate_45.jpg
146,hate,https://encrypted-tbn0.gstatic.com/images?q=tbn:ANd9GcToP7XGykNCBxX8I48VS1wXR1Y_HOURTYhn9A&s,google_hate_memes/hate_46.jpg
147,hate,https://encrypted-tbn0.gstatic.com/images?q=tbn:ANd9GcTSfsWvN7TiY6MAQf-2AN0w_1JmkVfXI1BmHg&s,google_hate_memes/hate_47.jpg
148,hate,https://encrypted-tbn0.gstatic.com/images?q=tbn:ANd9GcQRNzCu2p2RYmHXq9PzDX2323jhkdWXm7DO1w&s,google_hate_memes/hate_48.jpg
149,hate,https://encrypted-tbn0.gstatic.com/images?q=tbn:ANd9GcTVE96IxdquyM9PRp5oz6HPHZgDoyCYjuduhg&s,google_hate_memes/hate_49.jpg
150,hate,https://encrypted-tbn0.gstatic.com/images?q=tbn:ANd9GcSr4YQrNqoW2x8hyHh2yQViOxNZRVPu2FNppw&s,google_hate_memes/hate_50.jpg
151,hate,https://encrypted-tbn0.gstatic.com/images?q=tbn:ANd9GcRC-Uh_LQeLyKYwkSnQ1a0l4CNXOe_XM7yOPg&s,google_hate_memes/hate_51.jpg
152,hate,https://encrypted-tbn0.gstatic.com/images?q=tbn:ANd9GcRtMh31FqcF-9opGfZLGoSynKk97iKul6ULCQ&s,google_hate_memes/hate_52.jpg
153,hate,https://encrypted-tbn0.gstatic.com/images?q=tbn:ANd9GcRFeEaZDVfyj7yjER_JAgE2x6VUMHZBftsfow&s,google_hate_memes/hate_53.jpg
154,hate,https://encrypted-tbn0.gstatic.com/images?q=tbn:ANd9GcSfpQjga_hQsu_bgfqaGP36Vt54l2LViZziFQ&s,google_hate_memes/hate_54.png
155,hate,https://encrypted-tbn0.gstatic.com/images?q=tbn:ANd9GcT2l6eQT4RaKH2xPwZlX-MZgZ3iJ7BgNxpoNg&s,google_hate_memes/hate_55.png
156,hate,https://encrypted-tbn0.gstatic.com/images?q=tbn:ANd9GcQp5omjEi-44OY1ZGIuZ-MhKOWxUSkbHkoU2Q&s,google_hate_memes/hate_56.jpg
157,hate,https://encrypted-tbn0.gstatic.com/images?q=tbn:ANd9GcQdMDqjANSLRNyw09PiCH4IUnpHFugxxejZOQ&s,google_hate_memes/hate_57.jpg
158,hate,https://encrypted-tbn0.gstatic.com/images?q=tbn:ANd9GcS26thIh_IkL7ypPgkyeQ0Ft3k4MDVpa86apw&s,google_hate_memes/hate_58.jpg
159,hate,https://encrypted-tbn0.gstatic.com/images?q=tbn:ANd9GcR30A73BFsoAI-EXdHHSpr5kATNVlXP2bBTQQ&s,google_hate_memes/hate_59.jpg
160,hate,https://encrypted-tbn0.gstatic.com/images?q=tbn:ANd9GcSUU1ukyxRuHlVBriV80zGVQVUXMwKRa_3Hbw&s,google_hate_memes/hate_60.jpg
161,hate,https://encrypted-tbn0.gstatic.com/images?q=tbn:ANd9GcSZ0_ib40KUVBRES1Fr4Jz9LOs-BgHUp1rFMw&s,google_hate_memes/hate_61.jpg
162,hate,https://encrypted-tbn0.gstatic.com/images?q=tbn:ANd9GcSeFHNsj0GVMKPKxyESoc5fPSxqsgMeiIqBlw&s,google_hate_memes/hate_62.jpg
163,hate,https://encrypted-tbn0.gstatic.com/images?q=tbn:ANd9GcQKiBbhHjUX9HiggHmxb_0yNGe0ir-kU7RP8w&s,google_hate_memes/hate_63.jpg
164,hate,https://encrypted-tbn0.gstatic.com/images?q=tbn:ANd9GcRtt0obAhXOKcxM9rnSSmI-IRUcIj650Ssx1Q&s,google_hate_memes/hate_64.jpg
165,hate,https://encrypted-tbn0.gstatic.com/images?q=tbn:ANd9GcTfwtGbqtBAdZk45DY6-KpcI0zkgkNcbixXog&s,google_hate_memes/hate_65.jpg
166,hate,https://encrypted-tbn0.gstatic.com/images?q=tbn:ANd9GcTDasR6RvyzkriwEJAKKfTv9l4g2eRk2FZPig&s,google_hate_memes/hate_66.jpg
167,hate,https://encrypted-tbn0.gstatic.com/images?q=tbn:ANd9GcRfD0uae6uUGezrA4q-HULnksIxRgTngmSeAA&s,google_hate_memes/hate_67.jpg
168,hate,https://encrypted-tbn0.gstatic.com/images?q=tbn:ANd9GcReXzs7AbP3j_Kt18sFUvelWif7KhkIGaY6vg&s,google_hate_memes/hate_68.jpg
169,hate,https://encrypted-tbn0.gstatic.com/images?q=tbn:ANd9GcSpLvhHcpy_fMIXOwHSc94V4q7a2zaSsPgrag&s,google_hate_memes/hate_69.jpg
170,hate,https://encrypted-tbn0.gstatic.com/images?q=tbn:ANd9GcR1wWeljjXGs5FY8kNyhjVMGrhIOp32GOEPKg&s,google_hate_memes/hate_70.png
171,hate,https://encrypted-tbn0.gstatic.com/images?q=tbn:ANd9GcQO8rxOPWYBXD6YsQFJpkoJXNnANTgaYjAA8g&s,google_hate_memes/hate_71.jpg
172,hate,https://encrypted-tbn0.gstatic.com/images?q=tbn:ANd9GcTaEeqB-jBeaycqEQUbc7ykiI21ELL0NBz4PQ&s,google_hate_memes/hate_72.jpg
173,hate,https://encrypted-tbn0.gstatic.com/images?q=tbn:ANd9GcQO3I9Sv52-HafIdWGObQjmBViE8C_nBUU6MA&s,google_hate_memes/hate_73.jpg
174,hate,https://encrypted-tbn0.gstatic.com/images?q=tbn:ANd9GcRNkc47l0_g_-bGEpJEJd7IoISCp51uNMCinQ&s,google_hate_memes/hate_74.jpg
175,hate,https://encrypted-tbn0.gstatic.com/images?q=tbn:ANd9GcR3W6P0w7NJ7ebs5L9YNoCzJpP_410l_ecSng&s,google_hate_memes/hate_75.jpg
176,hate,https://encrypted-tbn0.gstatic.com/images?q=tbn:ANd9GcThr6YjfIWgxshDiNpsoUaRtPehUlVoVE_QbA&s,google_hate_memes/hate_76.jpg
177,hate,https://encrypted-tbn0.gstatic.com/images?q=tbn:ANd9GcT8UaFyPROuZs-JcklFCQU5y87iyxWKUu_ewA&s,google_hate_memes/hate_77.jpg
178,hate,https://encrypted-tbn0.gstatic.com/images?q=tbn:ANd9GcSHV3V-UTT86KU_FDs9mEl_HQONLPVSx6XoZw&s,google_hate_memes/hate_78.png
179,hate,https://encrypted-tbn0.gstatic.com/images?q=tbn:ANd9GcSgdl4fuk5AtpzgdqR1AzOmHIsjL6D_8axTDQ&s,google_hate_memes/hate_79.jpg
180,hate,https://encrypted-tbn0.gstatic.com/images?q=tbn:ANd9GcTaYmqjh3GolobgrATaK0ihFlTn2Htv6iFg6w&s,google_hate_memes/hate_80.jpg
181,hate,https://encrypted-tbn0.gstatic.com/images?q=tbn:ANd9GcS1adoVrq4FiRWoaJWwdbWZCMPHLHnu6KW23Q&s,google_hate_memes/hate_81.jpg
182,hate,https://encrypted-tbn0.gstatic.com/images?q=tbn:ANd9GcRN8ei7hi0F5pvyhgFF8Zyls2q3flsBIbrUuQ&s,google_hate_memes/hate_82.jpg
183,hate,https://encrypted-tbn0.gstatic.com/images?q=tbn:ANd9GcQLLR7aky8QhmYfBxEJ1EBGGR86vGLLpY0O3Q&s,google_hate_memes/hate_83.jpg
184,hate,https://encrypted-tbn0.gstatic.com/images?q=tbn:ANd9GcSTl22PJzurdFS3y5DtJnavqRMnujfWpDZSWg&s,google_hate_memes/hate_84.jpg
185,hate,https://encrypted-tbn0.gstatic.com/images?q=tbn:ANd9GcQoD_vgLmSyXMZPGTagqRM_w5Ul71QHI-oYgQ&s,google_hate_memes/hate_85.jpg
186,hate,https://encrypted-tbn0.gstatic.com/images?q=tbn:ANd9GcS6zOg3kHVSkvqNxoUwzf3x6VLQIhtAe0riOA&s,google_hate_memes/hate_86.jpg
187,hate,https://encrypted-tbn0.gstatic.com/images?q=tbn:ANd9GcQhrkiMjNmwT7RVbSwaP5zxMWVATGJLBv28rg&s,google_hate_memes/hate_87.jpg
188,hate,https://encrypted-tbn0.gstatic.com/images?q=tbn:ANd9GcRmtkmrlWQZPpwYQx9aNIKru8cumJV8U8QeGg&s,google_hate_memes/hate_88.jpg
189,hate,https://encrypted-tbn0.gstatic.com/images?q=tbn:ANd9GcR591oA5BlPRu5gMp4QKSElcGbUIVKxXkUcew&s,google_hate_memes/hate_89.jpg
190,hate,https://encrypted-tbn0.gstatic.com/images?q=tbn:ANd9GcSq2bJFu9olhP1943IT4uqIUcP0fj5G2ntlvg&s,google_hate_memes/hate_90.jpg
191,hate,https://encrypted-tbn0.gstatic.com/images?q=tbn:ANd9GcTYPi7fnrStuzxHG5YUFL_Z9iDKakU10zZRxw&s,google_hate_memes/hate_91.jpg
192,hate,https://encrypted-tbn0.gstatic.com/images?q=tbn:ANd9GcSDHbcyg06Nfu3Hj2sDMuIw12WuUPpxdKSwCw&s,google_hate_memes/hate_92.jpg
193,hate,https://encrypted-tbn0.gstatic.com/images?q=tbn:ANd9GcS1AcMeRjSbJdSTTPToXcwhGtvLP8NZeIzcFg&s,google_hate_memes/hate_93.jpg
194,hate,https://encrypted-tbn0.gstatic.com/images?q=tbn:ANd9GcRgI-4bknZ18sN7tCGrCGfF5AeJL3TgTF_loA&s,google_hate_memes/hate_94.jpg
195,hate,https://encrypted-tbn0.gstatic.com/images?q=tbn:ANd9GcQssx_AAucFRTSdrpbhf744UsFRNksNDXU3zA&s,google_hate_memes/hate_95.jpg
196,hate,https://encrypted-tbn0.gstatic.com/images?q=tbn:ANd9GcRSA95MHdqej3ndaVYjXZidivd2aC0aNZCVQQ&s,google_hate_memes/hate_96.jpg
197,hate,https://encrypted-tbn0.gstatic.com/images?q=tbn:ANd9GcR3PW-w8xBtK23a6E9sUg6Okem-AyqJfrskhQ&s,google_hate_memes/hate_97.jpg
198,hate,https://encrypted-tbn0.gstatic.com/images?q=tbn:ANd9GcSGC9Q4QWOUrarvMbA6aTPWvA-ZuHufsfsnUw&s,google_hate_memes/hate_98.jpg
199,hate,https://encrypted-tbn0.gstatic.com/images?q=tbn:ANd9GcSYLTfB-55WS34usQvMpF5hjEN2I9usu94DiQ&s,google_hate_memes/hate_99.jpg
200,hate,https://encrypted-tbn0.gstatic.com/images?q=tbn:ANd9GcQsKWVhhi5L9XxSMZHbFFHQiN1B-W30Czaokg&s,google_hate_memes/hate_100.jpg
201,love,https://encrypted-tbn0.gstatic.com/images?q=tbn:ANd9GcTYlhi2hj3pov_8duNpT9vtFBAwT93pT8Nhgg&s,google_love_memes/love_1.jpg
202,love,https://encrypted-tbn0.gstatic.com/images?q=tbn:ANd9GcRaXiqJdFBzWI84rhjxwO66nRvbKUByYmYSCA&s,google_love_memes/love_2.jpg
203,love,https://encrypted-tbn0.gstatic.com/images?q=tbn:ANd9GcROGpuKO65blQ3T8CxKCIvUu8IzhXEk_h0H0Q&s,google_love_memes/love_3.jpg
204,love,https://encrypted-tbn0.gstatic.com/images?q=tbn:ANd9GcTz2lNsQ3Ht1aJtTiOmVTQL2wiIxO_9S4rbbg&s,google_love_memes/love_4.jpg
205,love,https://encrypted-tbn0.gstatic.com/images?q=tbn:ANd9GcRmN4uXVRFO0MOwCeMRut6T_wAPemleOARawg&s,google_love_memes/love_5.jpg
206,love,https://encrypted-tbn0.gstatic.com/images?q=tbn:ANd9GcRraRgQnx4XKoqJARgddQvC_u5cRkDiMwo-cA&s,google_love_memes/love_6.jpg
207,love,https://encrypted-tbn0.gstatic.com/images?q=tbn:ANd9GcS7b1NAm6uWJDnGV9DpCYIEVvHw1kmyqWTINA&s,google_love_memes/love_7.jpg
208,love,https://encrypted-tbn0.gstatic.com/images?q=tbn:ANd9GcSjiyioREcAQSSziGeNqYCMeZZFrjtJelxylw&s,google_love_memes/love_8.jpg
209,love,https://encrypted-tbn0.gstatic.com/images?q=tbn:ANd9GcRrBncN-883Wm76abaC1PkkRsawUKlmTGyojg&s,google_love_memes/love_9.jpg
210,love,https://encrypted-tbn0.gstatic.com/images?q=tbn:ANd9GcT-RhIbcYLtcVtj13QmmoRLC93adWwJMB3fng&s,google_love_memes/love_10.jpg
211,love,https://encrypted-tbn0.gstatic.com/images?q=tbn:ANd9GcTLmX1hxEGvM1ewuXxGtmiljEarLhDwYxyjUw&s,google_love_memes/love_11.jpg
212,love,https://encrypted-tbn0.gstatic.com/images?q=tbn:ANd9GcQPeOJXHC3kldgUt8vuMaU52iizoei3V4-6dA&s,google_love_memes/love_12.jpg
213,love,https://encrypted-tbn0.gstatic.com/images?q=tbn:ANd9GcSTss9lMpi4UI5V0KR67nYMFf2OCUCb5zl1Jw&s,google_love_memes/love_13.jpg
214,love,https://encrypted-tbn0.gstatic.com/images?q=tbn:ANd9GcQ36-fdBIJOKoU2g9qIvsvjEn65KmULmdTbOA&s,google_love_memes/love_14.jpg
215,love,https://encrypted-tbn0.gstatic.com/images?q=tbn:ANd9GcTTgCTwg01hnHM_NjuenXD0GjF_Fe86mBDXeQ&s,google_love_memes/love_15.jpg
216,love,https://encrypted-tbn0.gstatic.com/images?q=tbn:ANd9GcSX9mEAG5Aad0kUe-AJec38J0LcyOk-KlwhiQ&s,google_love_memes/love_16.jpg
217,love,https://encrypted-tbn0.gstatic.com/images?q=tbn:ANd9GcQPPCCGKm6jt8PF6-iTMGRdIWXDfm7Xa-cfjA&s,google_love_memes/love_17.jpg
218,love,https://encrypted-tbn0.gstatic.com/images?q=tbn:ANd9GcTL0yMu4hjoaso1_NT2W69EqpCWv6HAZd1Ylw&s,google_love_memes/love_18.jpg
219,love,https://encrypted-tbn0.gstatic.com/images?q=tbn:ANd9GcTIiVB0VaHC3Yk-HF1lDRrlwI2DNpWlFbd3EQ&s,google_love_memes/love_19.jpg
220,love,https://encrypted-tbn0.gstatic.com/images?q=tbn:ANd9GcRfOt6orK7jTiYXWJxCGB066qDcSbBgaWEfEw&s,google_love_memes/love_20.jpg
221,love,https://encrypted-tbn0.gstatic.com/images?q=tbn:ANd9GcSb8ll8H5jnEudbhfC6xDTvRpu8r4dUku4VKA&s,google_love_memes/love_21.jpg
222,love,https://encrypted-tbn0.gstatic.com/images?q=tbn:ANd9GcTro7V9UVz2dAQsTd8v8uRdEL63BYRaD5bXcg&s,google_love_memes/love_22.jpg
223,love,https://encrypted-tbn0.gstatic.com/images?q=tbn:ANd9GcSmfH35QqiUoZcLcmNkr9mazaGtB7LMfa0tpg&s,google_love_memes/love_23.jpg
224,love,https://encrypted-tbn0.gstatic.com/images?q=tbn:ANd9GcQ0CTG1lp7GZYNihbg4lS-7ssiSk7yY61ZXfA&s,google_love_memes/love_24.jpg
225,love,https://encrypted-tbn0.gstatic.com/images?q=tbn:ANd9GcRlqcdgCz-MCGWWMtWmBebnmJXM5gpdZtrosw&s,google_love_memes/love_25.jpg
226,love,https://encrypted-tbn0.gstatic.com/images?q=tbn:ANd9GcQm3iEYICLqC7z7D3S_mL2HNqNB3x8G-UuLZw&s,google_love_memes/love_26.jpg
227,love,https://encrypted-tbn0.gstatic.com/images?q=tbn:ANd9GcS8C5mnFMj4ocsXW5ZqVwyiW9X-9cZmsNGmJA&s,google_love_memes/love_27.jpg
228,love,https://encrypted-tbn0.gstatic.com/images?q=tbn:ANd9GcTN9hSCloQ2VOwL8HctEqZ38nHiCwPhczQj0A&s,google_love_memes/love_28.jpg
229,love,https://encrypted-tbn0.gstatic.com/images?q=tbn:ANd9GcQosPme4d0TRDlJ4YL5eueZKTTDNSHBFZiqhg&s,google_love_memes/love_29.jpg
230,love,https://encrypted-tbn0.gstatic.com/images?q=tbn:ANd9GcRg3lef9iVD7aSi8pRwe0NgeVK5E-4bC8xydA&s,google_love_memes/love_30.jpg
231,love,https://encrypted-tbn0.gstatic.com/images?q=tbn:ANd9GcRzSKHRELfY6-pLl30jatRJTYENrTQY49JJvQ&s,google_love_memes/love_31.jpg
232,love,https://encrypted-tbn0.gstatic.com/images?q=tbn:ANd9GcTLG2KDy0m5Mfm4d2viB_lG-3y04A-CHx--Rw&s,google_love_memes/love_32.jpg
233,love,https://encrypted-tbn0.gstatic.com/images?q=tbn:ANd9GcSMZ1EXXMHvaSfFHNqL6X8xmAlNuOpC6Tyklg&s,google_love_memes/love_33.jpg
234,love,https://encrypted-tbn0.gstatic.com/images?q=tbn:ANd9GcTwATMXardIsCc_d5l8GPFsEsr52OhvdidEAQ&s,google_love_memes/love_34.jpg
235,love,https://encrypted-tbn0.gstatic.com/images?q=tbn:ANd9GcS-Ee0ZYmxG5i7uJ7U0KHC82A8h7VkZt0eJRg&s,google_love_memes/love_35.jpg
236,love,https://encrypted-tbn0.gstatic.com/images?q=tbn:ANd9GcSxcHrlENBG-JPLgUZslO_bzIVl17FX8FoWzw&s,google_love_memes/love_36.jpg
237,love,https://encrypted-tbn0.gstatic.com/images?q=tbn:ANd9GcR_mw9O0ISiuYxGBuL1poGXNclpEywccNn0Zkwul-ENq50QA9YYQMDE&s=0,google_love_memes/love_37.jpg
238,love,https://encrypted-tbn0.gstatic.com/images?q=tbn:ANd9GcR8a-y5PzMa8Szoggi-zFeb7h-vLaoy3n9mRg&s,google_love_memes/love_38.jpg
239,love,https://encrypted-tbn0.gstatic.com/images?q=tbn:ANd9GcSOfUXnHdM-GEJZ0xAl5xa5dVoBFE11Fi6mEQ&s,google_love_memes/love_39.jpg
240,love,https://encrypted-tbn0.gstatic.com/images?q=tbn:ANd9GcRAyyf1nNDSrWqqbVp5RkJWfr210yQj5-8BBxEPXrEx&s=0,google_love_memes/love_40.jpg
241,love,https://encrypted-tbn0.gstatic.com/images?q=tbn:ANd9GcQlLvIe9ioJWBJCMi5SpFsQnD0adc_YUhBJ3w&s,google_love_memes/love_41.jpg
242,love,https://encrypted-tbn0.gstatic.com/images?q=tbn:ANd9GcR08aR9gVgev6M75Cud_8Y7Lj4hzesLycOfnQ&s,google_love_memes/love_42.jpg
243,love,https://encrypted-tbn0.gstatic.com/images?q=tbn:ANd9GcREUsh6HizXfGEwxiSfiOoPmLkG9EMojFWDPw&s,google_love_memes/love_43.jpg
244,love,https://encrypted-tbn0.gstatic.com/images?q=tbn:ANd9GcR7vSELKI4NzGvvyZCmP3GKda3SWKuy5W83_Q&s,google_love_memes/love_44.jpg
245,love,https://encrypted-tbn0.gstatic.com/images?q=tbn:ANd9GcQ_UKFWGSrc5zyEeWCzlPXZt-CVN2YHhND10g&s,google_love_memes/love_45.jpg
246,love,https://encrypted-tbn0.gstatic.com/images?q=tbn:ANd9GcR3DyBIVLXbl8CvEq28Y1TlgTvo7MctqpzGHw&s,google_love_memes/love_46.jpg
247,love,https://encrypted-tbn0.gstatic.com/images?q=tbn:ANd9GcTCwU6LqvDpGkfqIH1KTjl8Pt6xtVWvtHXLvA&s,google_love_memes/love_47.jpg
248,love,https://encrypted-tbn0.gstatic.com/images?q=tbn:ANd9GcS2546gV_cZ0I4hbHBVwcFv_Xm1xxYtoynrnw&s,google_love_memes/love_48.jpg
249,love,https://encrypted-tbn0.gstatic.com/images?q=tbn:ANd9GcR3clc0x59ymiDg7iZGe3WnVW1VAxGsikPF8w&s,google_love_memes/love_49.jpg
250,love,https://encrypted-tbn0.gstatic.com/images?q=tbn:ANd9GcQMLLsrLKq_I-GEN-gtTAzA1iwg1N7XMWoRUL5iawYYz0gSDw2Br8Mn&s=0,google_love_memes/love_50.jpg
251,love,https://encrypted-tbn0.gstatic.com/images?q=tbn:ANd9GcQnZWt_ArSLiJsXBIhIZOl7dFsuHABaMOCCiA&s,google_love_memes/love_51.png
252,love,https://encrypted-tbn0.gstatic.com/images?q=tbn:ANd9GcRG7lSIvs7gS23EMmn8pWWKb02UVPb8D4z0Cw&s,google_love_memes/love_52.jpg
253,love,https://encrypted-tbn0.gstatic.com/images?q=tbn:ANd9GcRclgzZqY6L6-Ce2yLWFaqWP_QkSku8ASoBXA&s,google_love_memes/love_53.jpg
254,love,https://encrypted-tbn0.gstatic.com/images?q=tbn:ANd9GcRBifX-yLzTX1E8mzjRHs5Srj8V0vFvwDMfeA&s,google_love_memes/love_54.jpg
255,love,https://encrypted-tbn0.gstatic.com/images?q=tbn:ANd9GcQJ9_n4No5hKJtNUzIpoiCoq4hMsiryVqB9Wg&s,google_love_memes/love_55.jpg
256,love,https://encrypted-tbn0.gstatic.com/images?q=tbn:ANd9GcSt7fQpMM9CCU0qIanO164y278K2ZyMTTdwqg&s,google_love_memes/love_56.jpg
257,love,https://encrypted-tbn0.gstatic.com/images?q=tbn:ANd9GcRdhnHNF2A-GkUc4xV90Lhb0cHs4fl_v8Qc3w&s,google_love_memes/love_57.jpg
258,love,https://encrypted-tbn0.gstatic.com/images?q=tbn:ANd9GcRn-fodVqiNTTITMKBEmcP9uGBJR47fZqVbag&s,google_love_memes/love_58.jpg
259,love,https://encrypted-tbn0.gstatic.com/images?q=tbn:ANd9GcTHJwKgHaf2YTCiOlqNMUUf2Q9vNhenTfFJNw&s,google_love_memes/love_59.jpg
260,love,https://encrypted-tbn0.gstatic.com/images?q=tbn:ANd9GcTLn75DIyuI3_OPZBttjpnP5AvvrNNZu4T4lw&s,google_love_memes/love_60.jpg
261,love,https://encrypted-tbn0.gstatic.com/images?q=tbn:ANd9GcT1NvCFiPigzPA3Rhz6OfYtMNWv1tmsR4t8Eg&s,google_love_memes/love_61.jpg
262,love,https://encrypted-tbn0.gstatic.com/images?q=tbn:ANd9GcRPyQzpKzwYgOvNlOhhr8_KTRX9Yu3u9s4dpA&s,google_love_memes/love_62.jpg
263,love,https://encrypted-tbn0.gstatic.com/images?q=tbn:ANd9GcSCWuo0NVMKGmO0rW3OJSbeeRwcVFVVvRBbog&s,google_love_memes/love_63.jpg
264,love,https://encrypted-tbn0.gstatic.com/images?q=tbn:ANd9GcTii1sOMhfRkvZcVfYix7K8FPh4i8ej3gD1jw&s,google_love_memes/love_64.jpg
265,love,https://encrypted-tbn0.gstatic.com/images?q=tbn:ANd9GcSL3Q8jH9IgPbnmUB4TmzpIYpituzLPtSc0lw&s,google_love_memes/love_65.jpg
266,love,https://encrypted-tbn0.gstatic.com/images?q=tbn:ANd9GcRFeeMoMe6ozTG8LHymHollWyVNTox5Uj8Htw&s,google_love_memes/love_66.jpg
267,love,https://encrypted-tbn0.gstatic.com/images?q=tbn:ANd9GcTLN97KUBbYXsnB_GveMmm2wCDrkykWcqakNSn0d2C8&s=0,google_love_memes/love_67.jpg
268,love,https://encrypted-tbn0.gstatic.com/images?q=tbn:ANd9GcQkK3OWBcaTR83Ee_HIrcZi1508zaBspy3rol289v5aE_7FyEEwU5rF&s=0,google_love_memes/love_68.jpg
269,love,https://encrypted-tbn0.gstatic.com/images?q=tbn:ANd9GcRlM5xpuOAq_CjeTMOJu3l_TI2xh0Jc2SXU-Q&s,google_love_memes/love_69.jpg
270,love,https://encrypted-tbn0.gstatic.com/images?q=tbn:ANd9GcRbHO9II2eQN0LCGtSGExEO3F-L1Rjw_xBVLw&s,google_love_memes/love_70.jpg
271,love,https://encrypted-tbn0.gstatic.com/images?q=tbn:ANd9GcRwdWzOrOSerhWK0LWpKJEckCf8Bg6hAPbgWw&s,google_love_memes/love_71.jpg
272,love,https://encrypted-tbn0.gstatic.com/images?q=tbn:ANd9GcSif9UtDurhkXGKqbY7vWeaX7z2YJML9zDHNQ&s,google_love_memes/love_72.jpg
273,love,https://encrypted-tbn0.gstatic.com/images?q=tbn:ANd9GcT38ljAMfN0ycdRLAZGYtftvGR5d4SIXD7OrYgd9J1JqsdUGKMkFd5H&s=0,google_love_memes/love_73.jpg
274,love,https://encrypted-tbn0.gstatic.com/images?q=tbn:ANd9GcRoaoVKwq0C1yWyjDskxFFDxlQBeH-8169c5A&s,google_love_memes/love_74.png
275,love,https://encrypted-tbn0.gstatic.com/images?q=tbn:ANd9GcSMHSWvgzjaHqY-_n7spL5TdGRpAzf_gRiQkA&s,google_love_memes/love_75.jpg
276,love,https://encrypted-tbn0.gstatic.com/images?q=tbn:ANd9GcRzcr9wH8NgcvK4o0IeMMuYxuGcERkdYkKTpQ&s,google_love_memes/love_76.jpg
277,love,https://encrypted-tbn0.gstatic.com/images?q=tbn:ANd9GcS57ZYpidFSR0Fuarm7AyL-AxMPM4UJx1hrIg&s,google_love_memes/love_77.jpg
278,love,https://encrypted-tbn0.gstatic.com/images?q=tbn:ANd9GcSLCOOlf17YYejxzBSLcIBusuPIyTQRV8pz3A&s,google_love_memes/love_78.jpg
279,love,https://encrypted-tbn0.gstatic.com/images?q=tbn:ANd9GcTgAAPXTGgTLahKDYx-EjcJuHO4vHMtKE9ngw&s,google_love_memes/love_79.jpg
280,love,https://encrypted-tbn0.gstatic.com/images?q=tbn:ANd9GcT9NsJP25QZ00BubnvCCAp2k1s_E73ujx2rLw&s,google_love_memes/love_80.jpg
281,love,https://encrypted-tbn0.gstatic.com/images?q=tbn:ANd9GcTCbBmXUl0ZvwA7SaQGVnCnYk7LyatUGkQQzw&s,google_love_memes/love_81.jpg
282,love,https://encrypted-tbn0.gstatic.com/images?q=tbn:ANd9GcQyzwjVhmnLjEVbtGgHQISE86gyFEerNSbJnA&s,google_love_memes/love_82.jpg
283,love,https://encrypted-tbn0.gstatic.com/images?q=tbn:ANd9GcTR2Z_p5BzloBJTfZ9LJlbn8t0pJTdiihAcRw&s,google_love_memes/love_83.jpg
284,love,https://encrypted-tbn0.gstatic.com/images?q=tbn:ANd9GcRCu-cGgANhxr35hkLA0lEDfXM8YYrjnfqZVA&s,google_love_memes/love_84.jpg
285,love,https://encrypted-tbn0.gstatic.com/images?q=tbn:ANd9GcSxMyZ5k0pKIT5nQ604W35OofzfLctQlWikXA&s,google_love_memes/love_85.jpg
286,love,https://encrypted-tbn0.gstatic.com/images?q=tbn:ANd9GcTkzh2MDUPFuJKtcyMA40ZDP_0emAHGpSXtVQ&s,google_love_memes/love_86.jpg
287,love,https://encrypted-tbn0.gstatic.com/images?q=tbn:ANd9GcQRRCXFhWFDFUOLrsW-QS55c2ATpIGHiCJO0w&s,google_love_memes/love_87.jpg
288,love,https://encrypted-tbn0.gstatic.com/images?q=tbn:ANd9GcQMf03lfmeFoTIUgC-mtmd3tfkOZF3syJV-bg&s,google_love_memes/love_88.jpg
289,love,https://encrypted-tbn0.gstatic.com/images?q=tbn:ANd9GcQ_nKeuOBDcdtRegvkaExz7fPwVpSzFJeBArg&s,google_love_memes/love_89.jpg
290,love,https://encrypted-tbn0.gstatic.com/images?q=tbn:ANd9GcQe2dJjVrnIirzQy2UG0dy0Vg95IUoyhx58Lg&s,google_love_memes/love_90.jpg
291,love,https://encrypted-tbn0.gstatic.com/images?q=tbn:ANd9GcRMmd_GUMfyiPKpotaNt5cbzowzs0g-Y3hFZg&s,google_love_memes/love_91.jpg
292,love,https://encrypted-tbn0.gstatic.com/images?q=tbn:ANd9GcRrBmObIdSAUBhbSnBh-7NgMpJwcRT6Mot50g&s,google_love_memes/love_92.jpg
293,love,https://encrypted-tbn0.gstatic.com/images?q=tbn:ANd9GcT89pV6GruSLdZ6Gg1Ve4lJ2a97Z_8kYbEXkQ&s,google_love_memes/love_93.jpg
294,love,https://encrypted-tbn0.gstatic.com/images?q=tbn:ANd9GcSYna96BstGABFx0elgZ5giRZj2BcDJtmQzag&s,google_love_memes/love_94.jpg
295,love,https://encrypted-tbn0.gstatic.com/images?q=tbn:ANd9GcRrn8E8Zys86MrgYK1cuXE3nOABCOmxXeM6kQ&s,google_love_memes/love_95.jpg
296,love,https://encrypted-tbn0.gstatic.com/images?q=tbn:ANd9GcSpHpSSVzPI305Q6nYQn8w2_eupQZyJcu_R_Q&s,google_love_memes/love_96.jpg
297,love,https://encrypted-tbn0.gstatic.com/images?q=tbn:ANd9GcQxETP5VeVaJqznLwvWensyquMeH3P80z2MGg&s,google_love_memes/love_97.jpg
298,love,https://encrypted-tbn0.gstatic.com/images?q=tbn:ANd9GcTDX_qQY1jG1e5omgbiT8pY2WBmn5F5kks1Ew&s,google_love_memes/love_98.jpg
299,love,https://encrypted-tbn0.gstatic.com/images?q=tbn:ANd9GcTcvel6TqYSl0q8oEdgRHPwkDRWq1ZX3KTHVQ&s,google_love_memes/love_99.jpg
300,love,https://encrypted-tbn0.gstatic.com/images?q=tbn:ANd9GcSio4qqLFR3rLEmypXq9bW4RZJ111jf3XvMuA&s,google_love_memes/love_100.jpg
301,sorrow,https://encrypted-tbn0.gstatic.com/images?q=tbn:ANd9GcRMcYHOTM3HIHAkQ6Kj-P6aaX0asfr0LC9Mnw&s,google_sorrow_memes/sorrow_1.jpg
302,sorrow,https://encrypted-tbn0.gstatic.com/images?q=tbn:ANd9GcRkW785uPqwkURO3eGy811eYtG2w4KTX7ANpQ&s,google_sorrow_memes/sorrow_2.jpg
303,sorrow,https://encrypted-tbn0.gstatic.com/images?q=tbn:ANd9GcTz_BYsxDDAUtAHigMucv5Gaxtb6l8vzNoWCA&s,google_sorrow_memes/sorrow_3.jpg
304,sorrow,https://encrypted-tbn0.gstatic.com/images?q=tbn:ANd9GcSd3EltrK3ZeDwtropnd_rIy-2K_RFCJyoXeQ&s,google_sorrow_memes/sorrow_4.png
305,sorrow,https://encrypted-tbn0.gstatic.com/images?q=tbn:ANd9GcRANM3WMakS8MPHvR6Avkw0h5b48ShqO5MYlg&s,google_sorrow_memes/sorrow_5.jpg
306,sorrow,https://encrypted-tbn0.gstatic.com/images?q=tbn:ANd9GcQ32awKxqcq0yEGK4y48e62Q5r-_QpB5xMmRg&s,google_sorrow_memes/sorrow_6.jpg
307,sorrow,https://encrypted-tbn0.gstatic.com/images?q=tbn:ANd9GcQ5lfD4n4s2w7TcvlvSbIJa04BM1Aso9dvBYA&s,google_sorrow_memes/sorrow_7.jpg
308,sorrow,https://encrypted-tbn0.gstatic.com/images?q=tbn:ANd9GcRG6RQlmYw8dFgCXdfSV3vvEk4GpqKER-V-CQ&s,google_sorrow_memes/sorrow_8.png
309,sorrow,https://encrypted-tbn0.gstatic.com/images?q=tbn:ANd9GcQ595IJxCAhJcHgF-NVRf18_4Zb0VLsWJYN9w&s,google_sorrow_memes/sorrow_9.jpg
310,sorrow,https://encrypted-tbn0.gstatic.com/images?q=tbn:ANd9GcS_AeWD4DBc3BqCof5q_aJXoEOsP4khi6QxdQ&s,google_sorrow_memes/sorrow_10.jpg
311,sorrow,https://encrypted-tbn0.gstatic.com/images?q=tbn:ANd9GcQMq2RiDril0ahADdd5FIREPoIM_W6uHvwFjw&s,google_sorrow_memes/sorrow_11.jpg
312,sorrow,https://encrypted-tbn0.gstatic.com/images?q=tbn:ANd9GcQXl32PSMDVlf2WfdP9tMGLoVy5ueXemRFtZw&s,google_sorrow_memes/sorrow_12.jpg
313,sorrow,https://encrypted-tbn0.gstatic.com/images?q=tbn:ANd9GcQs5AAXZhVkz_Qs8yl85J_Z5s5GiOOKaxtXjA&s,google_sorrow_memes/sorrow_13.jpg
314,sorrow,https://encrypted-tbn0.gstatic.com/images?q=tbn:ANd9GcSVxltGwiPJQIPjAuSzxaV6ejkk7lZ39v1slQ&s,google_sorrow_memes/sorrow_14.jpg
315,sorrow,https://encrypted-tbn0.gstatic.com/images?q=tbn:ANd9GcTuKt0Km2G8FfuWh-Mswnk-NM3o1iSJppntVhXhUvxN&s=0,google_sorrow_memes/sorrow_15.jpg
316,sorrow,https://encrypted-tbn0.gstatic.com/images?q=tbn:ANd9GcSNl3gePM_UY6Y0mLVgM8Z42pEM-4-TaV44bg&s,google_sorrow_memes/sorrow_16.jpg
317,sorrow,https://encrypted-tbn0.gstatic.com/images?q=tbn:ANd9GcRLAb3Ny_GUKczmPfnXMlQfEgPI_wb_PcG6IQ&s,google_sorrow_memes/sorrow_17.jpg
318,sorrow,https://encrypted-tbn0.gstatic.com/images?q=tbn:ANd9GcT8qZsEEBhtWlTzSbn5fx3jUL3jxlrAsvCCSg&s,google_sorrow_memes/sorrow_18.jpg
319,sorrow,https://encrypted-tbn0.gstatic.com/images?q=tbn:ANd9GcT995WT5k-bMnJkfLeaEd_rJl5Dhv96BJgqxA&s,google_sorrow_memes/sorrow_19.png
320,sorrow,https://encrypted-tbn0.gstatic.com/images?q=tbn:ANd9GcSX8juCLbBUqCrvdCNG5wVks7fO23PjlmkPEA&s,google_sorrow_memes/sorrow_20.jpg
321,sorrow,https://encrypted-tbn0.gstatic.com/images?q=tbn:ANd9GcR92RLa6naIQy-jdsosKrJw5e97D_fEeujvPw&s,google_sorrow_memes/sorrow_21.jpg
322,sorrow,https://encrypted-tbn0.gstatic.com/images?q=tbn:ANd9GcSNkYco5107IyjeDeS0U-r91r7_v9K3koRgow&s,google_sorrow_memes/sorrow_22.jpg
323,sorrow,https://encrypted-tbn0.gstatic.com/images?q=tbn:ANd9GcTXoxsY4HMe5wzfaWUfvwBlJ8V4-0aYpv4w7w&s,google_sorrow_memes/sorrow_23.jpg
324,sorrow,https://encrypted-tbn0.gstatic.com/images?q=tbn:ANd9GcQAJiAqEebY3_wPmrfcppJRwDb8Th_FRZiqsQ&s,google_sorrow_memes/sorrow_24.jpg
325,sorrow,https://encrypted-tbn0.gstatic.com/images?q=tbn:ANd9GcQnQiG5ybjrgrfpKB2aG0FI-o1aRB9Q5yHRbg&s,google_sorrow_memes/sorrow_25.jpg
326,sorrow,https://encrypted-tbn0.gstatic.com/images?q=tbn:ANd9GcSCs7iy8Xxs1FhR1rFsNBYy4z1V0t_yGzyDCA&s,google_sorrow_memes/sorrow_26.jpg
327,sorrow,https://encrypted-tbn0.gstatic.com/images?q=tbn:ANd9GcS-PBh6pUQQu6iL7mZEEtAFspN1fRfxYSv8dQ&s,google_sorrow_memes/sorrow_27.jpg
328,sorrow,https://encrypted-tbn0.gstatic.com/images?q=tbn:ANd9GcRL_Q8oMdXKiV8a68xK4E0m-PPhAYqFr3CvQw&s,google_sorrow_memes/sorrow_28.jpg
329,sorrow,https://encrypted-tbn0.gstatic.com/images?q=tbn:ANd9GcQh5DRamdpYovZn82k8tKlemx-i3MWaq0XcYQ&s,google_sorrow_memes/sorrow_29.jpg
330,sorrow,https://encrypted-tbn0.gstatic.com/images?q=tbn:ANd9GcRXLXXp8Ayn45A8iXZNaIZ4h6LVQxNoa5FXUQ&s,google_sorrow_memes/sorrow_30.jpg
331,sorrow,https://encrypted-tbn0.gstatic.com/images?q=tbn:ANd9GcSeLhvN4UC9FNW3q87ABWLT9KGZYjjAN12lFA&s,google_sorrow_memes/sorrow_31.jpg
332,sorrow,https://encrypted-tbn0.gstatic.com/images?q=tbn:ANd9GcQfxieoHZWaRMZUUYoBftGLaFGQnctzs6jjlA&s,google_sorrow_memes/sorrow_32.jpg
333,sorrow,https://encrypted-tbn0.gstatic.com/images?q=tbn:ANd9GcRJ07UVrSKIRrhjMrP5uugFhoj6S6qIzIYm4Q&s,google_sorrow_memes/sorrow_33.jpg
334,sorrow,https://encrypted-tbn0.gstatic.com/images?q=tbn:ANd9GcSnM6A6ysZQtSBfyD7lgzeXeO8GA9fSm5GUHw&s,google_sorrow_memes/sorrow_34.jpg
335,sorrow,https://encrypted-tbn0.gstatic.com/images?q=tbn:ANd9GcSUwSESQOFIhFx0YR2qWeuqvsmZ_v0avsRBaA&s,google_sorrow_memes/sorrow_35.jpg
336,sorrow,https://encrypted-tbn0.gstatic.com/images?q=tbn:ANd9GcRltgHE6_y-5IkLo-bhv3QgLO-J2zjny76FOA&s,google_sorrow_memes/sorrow_36.jpg
337,sorrow,https://encrypted-tbn0.gstatic.com/images?q=tbn:ANd9GcSxI57JUJ5oF1ufMZqnlL6ml45MWlIL-NlCLA&s,google_sorrow_memes/sorrow_37.jpg
338,sorrow,https://encrypted-tbn0.gstatic.com/images?q=tbn:ANd9GcSj15_vFnIic_Xs-c7GrSoSAciBJavp9ZsMWA&s,google_sorrow_memes/sorrow_38.jpg
339,sorrow,https://encrypted-tbn0.gstatic.com/images?q=tbn:ANd9GcQMrTqMDhnEPnbsorGnxrr91JI3_Js1oimdbw&s,google_sorrow_memes/sorrow_39.jpg
340,sorrow,https://encrypted-tbn0.gstatic.com/images?q=tbn:ANd9GcTfceURVCU6zzVjlsCiJavtTsSMa4BaUhpYU38BvxbZ&s=0,google_sorrow_memes/sorrow_40.jpg
341,sorrow,https://encrypted-tbn0.gstatic.com/images?q=tbn:ANd9GcT6fckHtpPrkkaDHW5ezGOeJajEe9jLP5kpZQ&s,google_sorrow_memes/sorrow_41.jpg
342,sorrow,https://encrypted-tbn0.gstatic.com/images?q=tbn:ANd9GcRHg0dkNeE-W6x-dLLAodX8l2MbPnQjrprZVUASzH9A&s=0,google_sorrow_memes/sorrow_42.jpg
343,sorrow,https://encrypted-tbn0.gstatic.com/images?q=tbn:ANd9GcQsjs8IjtbB6k5nPad68Ih2I_Z46a0O8_ukfA&s,google_sorrow_memes/sorrow_43.jpg
344,sorrow,https://encrypted-tbn0.gstatic.com/images?q=tbn:ANd9GcTKFzUdJENMVXwi-vHQRHRIrrMqOeI0f6qKdg&s,google_sorrow_memes/sorrow_44.jpg
345,sorrow,https://encrypted-tbn0.gstatic.com/images?q=tbn:ANd9GcRaw0ce9zaAqZihCQnRmfZake3Bbo7ioS3Flw&s,google_sorrow_memes/sorrow_45.jpg
346,sorrow,https://encrypted-tbn0.gstatic.com/images?q=tbn:ANd9GcQlyCgY_oeC7Q4M-ysAjmXJMLJ00hCSUecupQ&s,google_sorrow_memes/sorrow_46.png
347,sorrow,https://encrypted-tbn0.gstatic.com/images?q=tbn:ANd9GcQizQegc_heArg20s5SE1b3zRbqZY8oKztGUQ&s,google_sorrow_memes/sorrow_47.jpg
348,sorrow,https://encrypted-tbn0.gstatic.com/images?q=tbn:ANd9GcR7u1u9LeZkDaDvGnHYH1j7wpdpKIoP058uig&s,google_sorrow_memes/sorrow_48.jpg
349,sorrow,https://encrypted-tbn0.gstatic.com/images?q=tbn:ANd9GcSYF-boYNANLHRYq6h9D6lTWVyoDVhGGVbTtw&s,google_sorrow_memes/sorrow_49.jpg
350,sorrow,https://encrypted-tbn0.gstatic.com/images?q=tbn:ANd9GcSryPIpOcQz01zuEazQkJ8q2duyyJKxw7J-Yw&s,google_sorrow_memes/sorrow_50.jpg
351,sorrow,https://encrypted-tbn0.gstatic.com/images?q=tbn:ANd9GcQTd6y2jcQ7qUtsCzGPsuhys3emyoEwcetC-Q&s,google_sorrow_memes/sorrow_51.jpg
352,sorrow,https://encrypted-tbn0.gstatic.com/images?q=tbn:ANd9GcTNFOxVr6-UZjdH7ujyoJwZ351DVa3lp4s5Zw&s,google_sorrow_memes/sorrow_52.jpg
353,sorrow,https://encrypted-tbn0.gstatic.com/images?q=tbn:ANd9GcTBu-dSusSUdqu39TzmQ8z_9ehxUNUhy0pUwA&s,google_sorrow_memes/sorrow_53.jpg
354,sorrow,https://encrypted-tbn0.gstatic.com/images?q=tbn:ANd9GcRa8-A_Y7e_rxILv6a5Fxx7kAC927oasIGkIw&s,google_sorrow_memes/sorrow_54.png
355,sorrow,https://encrypted-tbn0.gstatic.com/images?q=tbn:ANd9GcQovo9XrQxF5fkVF1Nf52m0XRgbVQ4ryd6cbA&s,google_sorrow_memes/sorrow_55.jpg
356,sorrow,https://encrypted-tbn0.gstatic.com/images?q=tbn:ANd9GcQ8EDsa8NM_uiNJ4uk9UyO9RsrLRNHNMuW2eQ&s,google_sorrow_memes/sorrow_56.jpg
357,sorrow,https://encrypted-tbn0.gstatic.com/images?q=tbn:ANd9GcQ1zVa9TJq4yniXRIKW67ltex5mitWjiE7m9A&s,google_sorrow_memes/sorrow_57.jpg
358,sorrow,https://encrypted-tbn0.gstatic.com/images?q=tbn:ANd9GcQAUPVEQ6X7tocg5lwYNWOUJfI73JRPR62Syw&s,google_sorrow_memes/sorrow_58.jpg
359,sorrow,https://encrypted-tbn0.gstatic.com/images?q=tbn:ANd9GcTHPkrWhX0rYBZhMF8Mnkgczuj189KGRzt6_Q&s,google_sorrow_memes/sorrow_59.jpg
360,sorrow,https://encrypted-tbn0.gstatic.com/images?q=tbn:ANd9GcS2Mcbf0pbEWco9SzWMXp_DIyiiOnFDf5-YRA&s,google_sorrow_memes/sorrow_60.jpg
361,sorrow,https://encrypted-tbn0.gstatic.com/images?q=tbn:ANd9GcRUJJTHsaDDGdzvAK_IWFX3Pi1BM3Mw_xQAAQ&s,google_sorrow_memes/sorrow_61.jpg
362,sorrow,https://encrypted-tbn0.gstatic.com/images?q=tbn:ANd9GcQp10HeK8gdVNmMdxLL1L6nEwVjBT1jRjtZ1A&s,google_sorrow_memes/sorrow_62.jpg
363,sorrow,https://encrypted-tbn0.gstatic.com/images?q=tbn:ANd9GcR4ucr6mU94Ug7nq7LGDKSvZaxoRneIB3sBig&s,google_sorrow_memes/sorrow_63.jpg
364,sorrow,https://encrypted-tbn0.gstatic.com/images?q=tbn:ANd9GcTVadNMRsKJ14jXNve82ynGr926_Mcwb8mEGA&s,google_sorrow_memes/sorrow_64.jpg
365,sorrow,https://encrypted-tbn0.gstatic.com/images?q=tbn:ANd9GcS-3hy5hP0Uaf5gdNUwFXP2VJcG84QVcwpwmA&s,google_sorrow_memes/sorrow_65.jpg
366,sorrow,https://encrypted-tbn0.gstatic.com/images?q=tbn:ANd9GcRfkPpDoLYXywDz6S2dsu9Lah6srfUxIRIkDA&s,google_sorrow_memes/sorrow_66.jpg
367,sorrow,https://encrypted-tbn0.gstatic.com/images?q=tbn:ANd9GcTuFHd5CY3RHUGSI-zNSokkUyickGe6QgX5QQ&s,google_sorrow_memes/sorrow_67.jpg
368,sorrow,https://encrypted-tbn0.gstatic.com/images?q=tbn:ANd9GcRWLaupTnCNDcDtwx9X5tRdSvzVGnPb4htt6Q&s,google_sorrow_memes/sorrow_68.jpg
369,sorrow,https://encrypted-tbn0.gstatic.com/images?q=tbn:ANd9GcTTEzooIK9R4InvF9yexoPtb5HIixHCPpQSJQ&s,google_sorrow_memes/sorrow_69.jpg
370,sorrow,https://encrypted-tbn0.gstatic.com/images?q=tbn:ANd9GcT04ID3kLCcn9SGT9Q0CS7NZf_NuribnAFsYw&s,google_sorrow_memes/sorrow_70.jpg
371,sorrow,https://encrypted-tbn0.gstatic.com/images?q=tbn:ANd9GcT_hsJayuQPpD4w8jsPA09MjGZXRYzzMyqIieuh-xJb&s=0,google_sorrow_memes/sorrow_71.jpg
372,sorrow,https://encrypted-tbn0.gstatic.com/images?q=tbn:ANd9GcTnOml8n9N50hYeNFPIkOVMr-yMoHVP-I6cUQ&s,google_sorrow_memes/sorrow_72.jpg
373,sorrow,https://encrypted-tbn0.gstatic.com/images?q=tbn:ANd9GcQNYWSJPo6Ze0Df4SECX-gqD-3KP1tP5R9kww&s,google_sorrow_memes/sorrow_73.jpg
374,sorrow,https://encrypted-tbn0.gstatic.com/images?q=tbn:ANd9GcRa7L0qnK168rnukcuOEf7mQLRPiqMc0Ju5EA&s,google_sorrow_memes/sorrow_74.jpg
375,sorrow,https://encrypted-tbn0.gstatic.com/images?q=tbn:ANd9GcRydGH1anqi0l_eHUQNzrxs1MP4pPoaYw9acw&s,google_sorrow_memes/sorrow_75.jpg
376,sorrow,https://encrypted-tbn0.gstatic.com/images?q=tbn:ANd9GcRCBsOSz8eqRnnubH1woPVU_EZPm2iqjllUPw&s,google_sorrow_memes/sorrow_76.jpg
377,sorrow,https://encrypted-tbn0.gstatic.com/images?q=tbn:ANd9GcSqRbNGuAj_c0Q-oB7G4V4KRkaCirQWpUY8oA&s,google_sorrow_memes/sorrow_77.jpg
378,sorrow,https://encrypted-tbn0.gstatic.com/images?q=tbn:ANd9GcQil6epZqhDC6N7UwsKO7zJfaD7z9k3V2ccUA&s,google_sorrow_memes/sorrow_78.jpg
379,sorrow,https://encrypted-tbn0.gstatic.com/images?q=tbn:ANd9GcRD1drVjbo0wQjc3YnWzkPWPbdv38rahh36uQ&s,google_sorrow_memes/sorrow_79.jpg
380,sorrow,https://encrypted-tbn0.gstatic.com/images?q=tbn:ANd9GcT1fjwNogbdnFDAAYN0A8bDcHze5aC3g9di8w&s,google_sorrow_memes/sorrow_80.jpg
381,sorrow,https://encrypted-tbn0.gstatic.com/images?q=tbn:ANd9GcRa6LUOphlayTuX_AW02gfGYhnEfrkdYneGMw&s,google_sorrow_memes/sorrow_81.jpg
382,sorrow,https://encrypted-tbn0.gstatic.com/images?q=tbn:ANd9GcQHjtlW7MQDECu5qvFFHrXrc0gTra7XvVZ0bA&s,google_sorrow_memes/sorrow_82.jpg
383,sorrow,https://encrypted-tbn0.gstatic.com/images?q=tbn:ANd9GcR7bINArO1LA5HTWOvlefTpN7SsmLYZLFqxxA&s,google_sorrow_memes/sorrow_83.jpg
384,sorrow,https://encrypted-tbn0.gstatic.com/images?q=tbn:ANd9GcRvzXtrxFA8tojZXJuBRsUeuss0ZB6WKQ0F_A&s,google_sorrow_memes/sorrow_84.jpg
385,sorrow,https://encrypted-tbn0.gstatic.com/images?q=tbn:ANd9GcSMFai9d3lFcWIKIy6VgdXdnII2S1ImlTwjNw&s,google_sorrow_memes/sorrow_85.jpg
386,sorrow,https://encrypted-tbn0.gstatic.com/images?q=tbn:ANd9GcR4J1D3rcCsSHXh2ajkISzeKkkImtS-6nh9yg&s,google_sorrow_memes/sorrow_86.jpg
387,sorrow,https://encrypted-tbn0.gstatic.com/images?q=tbn:ANd9GcR4M88XmiXKzqtA4ft_4HcPFl_295gddSg0cQ&s,google_sorrow_memes/sorrow_87.jpg
388,sorrow,https://encrypted-tbn0.gstatic.com/images?q=tbn:ANd9GcSsKN1FNFFz8AbQYZTgdB2XHes2B9Rq3RbYIg&s,google_sorrow_memes/sorrow_88.png
389,sorrow,https://encrypted-tbn0.gstatic.com/images?q=tbn:ANd9GcR5L4HO9pvvaO8saXVAmYDrIOvoOQad8OpfLA&s,google_sorrow_memes/sorrow_89.jpg
390,sorrow,https://encrypted-tbn0.gstatic.com/images?q=tbn:ANd9GcRsVA8MDdkfqg3djbeBD1X7yY6nmnWLDcuoRg&s,google_sorrow_memes/sorrow_90.jpg
391,sorrow,https://encrypted-tbn0.gstatic.com/images?q=tbn:ANd9GcR7vKAT_7B8qo_bUfZC-JxNU_Mu_2P3ibiUUA&s,google_sorrow_memes/sorrow_91.jpg
392,sorrow,https://encrypted-tbn0.gstatic.com/images?q=tbn:ANd9GcR7sIiBMyKd_1ErBYXJUsvn5TcYjhfdxpPoRg&s,google_sorrow_memes/sorrow_92.png
393,sorrow,https://encrypted-tbn0.gstatic.com/images?q=tbn:ANd9GcSQhSIbTLqOGvq0h9GbEijv673u7Qez51oZNw&s,google_sorrow_memes/sorrow_93.jpg
394,sorrow,https://encrypted-tbn0.gstatic.com/images?q=tbn:ANd9GcR930hRhaT3yE8UfcxqfsaX2axfyFmZvX_JRw&s,google_sorrow_memes/sorrow_94.jpg
395,sorrow,https://encrypted-tbn0.gstatic.com/images?q=tbn:ANd9GcRwEe-nBhu-sb963zYWbCH8k2m0rfagDkFQbQ&s,google_sorrow_memes/sorrow_95.jpg
396,sorrow,https://encrypted-tbn0.gstatic.com/images?q=tbn:ANd9GcRZ0BUVDZazdkdHcKHwnriZn9PsB_fw_X9k0w&s,google_sorrow_memes/sorrow_96.jpg
397,sorrow,https://encrypted-tbn0.gstatic.com/images?q=tbn:ANd9GcTBJ15Xeyg-PDzOCgM5U7FXB-n7w6N7DwdAuA&s,google_sorrow_memes/sorrow_97.png
398,sorrow,https://encrypted-tbn0.gstatic.com/images?q=tbn:ANd9GcTTtXQTPbcfFvuP-iycZhbSC2vAWKCvLTjAXQ&s,google_sorrow_memes/sorrow_98.png
399,sorrow,https://encrypted-tbn0.gstatic.com/images?q=tbn:ANd9GcSYJ4oYVJwvvyjLiMK1edHImeryIJ1P45ydiQ&s,google_sorrow_memes/sorrow_99.jpg
400,sorrow,https://encrypted-tbn0.gstatic.com/images?q=tbn:ANd9GcSgTbEM_zvX_yjwldpTAejOjlWZB8IhGtIJdQ&s,google_sorrow_memes/sorrow_100.png
401,anger,https://encrypted-tbn0.gstatic.com/images?q=tbn:ANd9GcSlRFNl4o-V2WXRX5o5s-5gB4DNds_nb6Pck-LJFoZlJtSa1nPVfqxD&s=0,google_anger_memes/anger_1.jpg
402,anger,https://encrypted-tbn0.gstatic.com/images?q=tbn:ANd9GcR--ZdPzIPhg19mYubIGBQnN9ZjKARv4X6dSQ&s,google_anger_memes/anger_2.jpg
403,anger,https://encrypted-tbn0.gstatic.com/images?q=tbn:ANd9GcSC7HI_ff32wlpG9ZJtol9SnfL4oh-F2wv1Pg&s,google_anger_memes/anger_3.png
404,anger,https://encrypted-tbn0.gstatic.com/images?q=tbn:ANd9GcTwoEYUW1D3LVVa7G6Z7TjXcK_4fcuK1l2J0w&s,google_anger_memes/anger_4.jpg
405,anger,https://encrypted-tbn0.gstatic.com/images?q=tbn:ANd9GcRrm314xyRV4cK5TDM8mJlzShFcL2_d6RVqog&s,google_anger_memes/anger_5.png
406,anger,https://encrypted-tbn0.gstatic.com/images?q=tbn:ANd9GcS3jJ7_ezSsJmqWSQ9JxQhtw5FJnjlVWDrsZg&s,google_anger_memes/anger_6.jpg
407,anger,https://encrypted-tbn0.gstatic.com/images?q=tbn:ANd9GcRTZ_qQV2Z_eVrIzi_xXSU7tOTWxG7OQa6jBg&s,google_anger_memes/anger_7.jpg
408,anger,https://encrypted-tbn0.gstatic.com/images?q=tbn:ANd9GcQhqjUJBTPwIfVlK43JEcVnhcSHPtlLFU-K4A&s,google_anger_memes/anger_8.jpg
409,anger,https://encrypted-tbn0.gstatic.com/images?q=tbn:ANd9GcTV7nyhTk5ufiVfZAgmJAyO8BbHuZRCHBCXzUqsCHG0&s=0,google_anger_memes/anger_9.jpg
410,anger,https://encrypted-tbn0.gstatic.com/images?q=tbn:ANd9GcRoq3tKNUFD3ZjxFQ1dGHxdoUNzxAjAfv1tZA&s,google_anger_memes/anger_10.jpg
411,anger,https://encrypted-tbn0.gstatic.com/images?q=tbn:ANd9GcSEU1e0eLRJ7_31T3eS3D221SRBSnAdm8rM6Q12kxeZZVXX1OOwY7CM&s=0,google_anger_memes/anger_11.jpg
412,anger,https://encrypted-tbn0.gstatic.com/images?q=tbn:ANd9GcSA5mZQkl3TUhs8c2-FIBwzPW-Omkvp4F-QAg&s,google_anger_memes/anger_12.jpg
413,anger,https://encrypted-tbn0.gstatic.com/images?q=tbn:ANd9GcS9ucKZtGElorxio8TjQb-7I7pvxEhUAYt8fQ&s,google_anger_memes/anger_13.jpg
414,anger,https://encrypted-tbn0.gstatic.com/images?q=tbn:ANd9GcRf2Ig4xphhd78usnbcXztgkpSHCdssPka5lw&s,google_anger_memes/anger_14.jpg
415,anger,https://encrypted-tbn0.gstatic.com/images?q=tbn:ANd9GcRYbku970yL274jUmKg63FPbTNbrnNF4EBKlA&s,google_anger_memes/anger_15.jpg
416,anger,https://encrypted-tbn0.gstatic.com/images?q=tbn:ANd9GcTQZPd-u5gqRfTMCsVNjgI40UbRRJVpkOSafw&s,google_anger_memes/anger_16.jpg
417,anger,https://encrypted-tbn0.gstatic.com/images?q=tbn:ANd9GcTUJgjCOT0n_0yVUxtZj06J5LaPnXG7XHN8uw&s,google_anger_memes/anger_17.jpg
418,anger,https://encrypted-tbn0.gstatic.com/images?q=tbn:ANd9GcQm3jbxujaWobhjjvfXx36zqbHc9i4GsCYWOg&s,google_anger_memes/anger_18.jpg
419,anger,https://encrypted-tbn0.gstatic.com/images?q=tbn:ANd9GcSlybFtir2vuAGGHZt4lPyhvdcGqjgcLCkq0A&s,google_anger_memes/anger_19.jpg
420,anger,https://encrypted-tbn0.gstatic.com/images?q=tbn:ANd9GcTgQgxI0a8MF8FTOFcgfwMUMoFvOIa_3AOu5w&s,google_anger_memes/anger_20.jpg
421,anger,https://encrypted-tbn0.gstatic.com/images?q=tbn:ANd9GcROY8y0vbudj60TXP08jZk8Bh8BDlHy0OQgaw&s,google_anger_memes/anger_21.jpg
422,anger,https://encrypted-tbn0.gstatic.com/images?q=tbn:ANd9GcQSkQ-ntns3eDw6dNrLoU3Cvv6Vc4lEHmsHtw&s,google_anger_memes/anger_22.jpg
423,anger,https://encrypted-tbn0.gstatic.com/images?q=tbn:ANd9GcRKS6d5bQJW0POXl9X0pR9ybybDHzsRPCmv8GjAyneCDRMVtQQVg3P2&s=0,google_anger_memes/anger_23.jpg
424,anger,https://encrypted-tbn0.gstatic.com/images?q=tbn:ANd9GcQiBkefvJ_WHEn2fJDw4KFVI0buJxDrRopgNw&s,google_anger_memes/anger_24.png
425,anger,https://encrypted-tbn0.gstatic.com/images?q=tbn:ANd9GcSvtGeyIVfK21Mf_rCesBxdM_rrRBxQ39NnYA&s,google_anger_memes/anger_25.jpg
426,anger,https://encrypted-tbn0.gstatic.com/images?q=tbn:ANd9GcSFf8DcNwbs2ofu6--wok4b51WiPk-xDcB_536NV-qdCP7fkfwo1dAH&s=0,google_anger_memes/anger_26.jpg
427,anger,https://encrypted-tbn0.gstatic.com/images?q=tbn:ANd9GcSjhd_iMlGkjLWrZezBh-pOt3sKge_EPXTPGA&s,google_anger_memes/anger_27.jpg
428,anger,https://encrypted-tbn0.gstatic.com/images?q=tbn:ANd9GcStybjVsvpWcg6xBqF9iipF38NpA-FZlmTTuQ&s,google_anger_memes/anger_28.png
429,anger,https://encrypted-tbn0.gstatic.com/images?q=tbn:ANd9GcQKpisksAVxgJxAgDZ3rPrstRubZMpEUAOJ5w&s,google_anger_memes/anger_29.jpg
430,anger,https://encrypted-tbn0.gstatic.com/images?q=tbn:ANd9GcQMFMwJYmaPk3yrGhdgFlZOcq8m9UPGHo0huw&s,google_anger_memes/anger_30.jpg
431,anger,https://encrypted-tbn0.gstatic.com/images?q=tbn:ANd9GcQtV5Ssf2MSMUKS8Fp5XOq1UjvdZIf3stouzw&s,google_anger_memes/anger_31.jpg
432,anger,https://encrypted-tbn0.gstatic.com/images?q=tbn:ANd9GcTHh_Du54lwoyNqDg90yLEbgCphUzF-WMMQDg&s,google_anger_memes/anger_32.jpg
433,anger,https://encrypted-tbn0.gstatic.com/images?q=tbn:ANd9GcSo_DNwhaCQLW4O-r6I7QLKpqBKrakMTNhJww&s,google_anger_memes/anger_33.jpg
434,anger,https://encrypted-tbn0.gstatic.com/images?q=tbn:ANd9GcQQTpjneJ1wzuRtUA4w1jYVj6DIPN53qYr-vQ&s,google_anger_memes/anger_34.png
435,anger,https://encrypted-tbn0.gstatic.com/images?q=tbn:ANd9GcQd09EApjIcfHv_VEuHSNJXUkWjeVVKEM6XnQ&s,google_anger_memes/anger_35.jpg
436,anger,https://encrypted-tbn0.gstatic.com/images?q=tbn:ANd9GcSUB0Dw6hMlnIdAQf1RM15Nn_zzLp0_RCSpmQ&s,google_anger_memes/anger_36.jpg
437,anger,https://encrypted-tbn0.gstatic.com/images?q=tbn:ANd9GcTTsRa5Sj1QqIUIc1M5p7PMg3VQu_xBr7WYIQ&s,google_anger_memes/anger_37.png
438,anger,https://encrypted-tbn0.gstatic.com/images?q=tbn:ANd9GcQugJU5RSbDPuqdFee08ZmwCOFAo0R4y1QJrA&s,google_anger_memes/anger_38.png
439,anger,https://encrypted-tbn0.gstatic.com/images?q=tbn:ANd9GcSaGH01oJHhpIYb5wcIWQBAlSf7xP2l4vV1RfzEeBBf&s=0,google_anger_memes/anger_39.jpg
440,anger,https://encrypted-tbn0.gstatic.com/images?q=tbn:ANd9GcTFMfx0OGz75Ce8RyrUFF9oUYJUTf8NMGV70SWc3mQ7XzyAJw-8p6UW&s=0,google_anger_memes/anger_40.jpg
441,anger,https://encrypted-tbn0.gstatic.com/images?q=tbn:ANd9GcQ_X2d3HqHJ64G6jr8JnVpEUG83cqodJPdiew&s,google_anger_memes/anger_41.jpg
442,anger,https://encrypted-tbn0.gstatic.com/images?q=tbn:ANd9GcT8wxreMQk-7aBf0kbRQLqnjt3ldMh5-XVD4A&s,google_anger_memes/anger_42.jpg
443,anger,https://encrypted-tbn0.gstatic.com/images?q=tbn:ANd9GcTByIYdP5DiRVf_GMjByS4xFSENiobTsLhlBQ&s,google_anger_memes/anger_43.jpg
444,anger,https://encrypted-tbn0.gstatic.com/images?q=tbn:ANd9GcSZxCzY1Y7RIqfBt8WtTXsMJAH0iXOVJ6YjfQ&s,google_anger_memes/anger_44.jpg
445,anger,https://encrypted-tbn0.gstatic.com/images?q=tbn:ANd9GcTuX3r_jNqILxPP5t43wzDG7hpQHU49MJRf6A&s,google_anger_memes/anger_45.jpg
446,anger,https://encrypted-tbn0.gstatic.com/images?q=tbn:ANd9GcTisS5xcQr43qchmOjAxsTWSDq49lIf8ApX9afbpzZNhJL7jWIodlmICdVp&s,google_anger_memes/anger_46.png
447,anger,https://encrypted-tbn0.gstatic.com/images?q=tbn:ANd9GcRboVYpA0z-JdEVTqRozSnRmPrQ0V-rKqzbEg&s,google_anger_memes/anger_47.jpg
448,anger,https://encrypted-tbn0.gstatic.com/images?q=tbn:ANd9GcQA6c08ag1_QSxnhfdnrBkVxrbaF08LVr11nA&s,google_anger_memes/anger_48.png
449,anger,https://encrypted-tbn0.gstatic.com/images?q=tbn:ANd9GcQcpj_QUjR1QF9WuyPOJwecrRLbDSV6TmF9BQ&s,google_anger_memes/anger_49.jpg
450,anger,https://encrypted-tbn0.gstatic.com/images?q=tbn:ANd9GcSsXMTYOsFNH2bASyLlD_4yL_JY47tUfrQUHQ&s,google_anger_memes/anger_50.jpg
451,anger,https://encrypted-tbn0.gstatic.com/images?q=tbn:ANd9GcRORHnf_gpOm8fakTxHE_plmjlcGfO0GjisZQ&s,google_anger_memes/anger_51.jpg
452,anger,https://encrypted-tbn0.gstatic.com/images?q=tbn:ANd9GcSxL3FcB-Ugy8Hb_TJGrfobZCbKUPoKBP8RHw&s,google_anger_memes/anger_52.jpg
453,anger,https://encrypted-tbn0.gstatic.com/images?q=tbn:ANd9GcRAdAqfcXr1qHhzwOi09deE1-r6FW7X6Cbntw&s,google_anger_memes/anger_53.jpg
454,anger,https://encrypted-tbn0.gstatic.com/images?q=tbn:ANd9GcQy3ZppkFM8Vq6BLY9S40R2XggMlIVUauN4ow&s,google_anger_memes/anger_54.jpg
455,anger,https://encrypted-tbn0.gstatic.com/images?q=tbn:ANd9GcTp3MthwLfgq5HOozgU-uRSqYB1llNJIm_IHA&s,google_anger_memes/anger_55.jpg
456,anger,https://encrypted-tbn0.gstatic.com/images?q=tbn:ANd9GcS7mtdYHSJ4xkgBGxLCasS41-yg75BX1JCuPg&s,google_anger_memes/anger_56.jpg
457,anger,https://encrypted-tbn0.gstatic.com/images?q=tbn:ANd9GcS7ciGYF_K6jdptmcyJPKoLYusK5Uz_-zhhPg&s,google_anger_memes/anger_57.jpg
458,anger,https://encrypted-tbn0.gstatic.com/images?q=tbn:ANd9GcSuYAG87_1n9hTlkfTV2PYIe2nZXgMdP-lwQw&s,google_anger_memes/anger_58.jpg
459,anger,https://encrypted-tbn0.gstatic.com/images?q=tbn:ANd9GcRXa9KU8frWoFmo7vE_4UWNWpAB7QBxSwHvvg&s,google_anger_memes/anger_59.jpg
460,anger,https://encrypted-tbn0.gstatic.com/images?q=tbn:ANd9GcTmharlX_TetHmfDm5zUDWA-aFW06GB2SweUQ&s,google_anger_memes/anger_60.jpg
461,anger,https://encrypted-tbn0.gstatic.com/images?q=tbn:ANd9GcTZPlleGnC8u0PlN5uBHmJbYZPE3ENG66xOtw&s,google_anger_memes/anger_61.jpg
462,anger,https://encrypted-tbn0.gstatic.com/images?q=tbn:ANd9GcTj42Uy63IaNLb-m-2Eabyz6lZ8cntfrw-fJQ&s,google_anger_memes/anger_62.jpg
463,anger,https://encrypted-tbn0.gstatic.com/images?q=tbn:ANd9GcTuGtdsheXSBlonADBUaDAr5r9US_pL649T7g&s,google_anger_memes/anger_63.png
464,anger,https://encrypted-tbn0.gstatic.com/images?q=tbn:ANd9GcS3K-sblqLCaFwVIPvWBHTXBrvoqYNbWPHCKw&s,google_anger_memes/anger_64.jpg
465,anger,https://encrypted-tbn0.gstatic.com/images?q=tbn:ANd9GcR9Doo0-3sUGeYet-MLJ7m1KjPiXqVLHrd91Q&s,google_anger_memes/anger_65.jpg
466,anger,https://encrypted-tbn0.gstatic.com/images?q=tbn:ANd9GcRWZv4mkx3xRtwybZwlq0brow-wyo2ASzm7sA&s,google_anger_memes/anger_66.jpg
467,anger,https://encrypted-tbn0.gstatic.com/images?q=tbn:ANd9GcQ9ePfFE9leJslU0S_pGSTJqZ3XXhoqXvKqIg&s,google_anger_memes/anger_67.png
468,anger,https://encrypted-tbn0.gstatic.com/images?q=tbn:ANd9GcQlJrTQwSwSlkYuEgUkuNDOK96_NS1eYJAboA&s,google_anger_memes/anger_68.jpg
469,anger,https://encrypted-tbn0.gstatic.com/images?q=tbn:ANd9GcSBIIhLL3sh61k8VCTKI9ChDDomOAZsWysmjg&s,google_anger_memes/anger_69.jpg
470,anger,https://encrypted-tbn0.gstatic.com/images?q=tbn:ANd9GcTl4sPCfjMgsxvvZXSUcInCfq_6V78ny66PNQ&s,google_anger_memes/anger_70.jpg
471,anger,https://encrypted-tbn0.gstatic.com/images?q=tbn:ANd9GcSk2UKgcAbjaNu-LNZdIwHz_73foQcTXDEauQ&s,google_anger_memes/anger_71.png
472,anger,https://encrypted-tbn0.gstatic.com/images?q=tbn:ANd9GcRfhXe9ipdDYpnh-XZc6Lp7s-5e9tfeDEaKcA&s,google_anger_memes/anger_72.png
473,anger,https://encrypted-tbn0.gstatic.com/images?q=tbn:ANd9GcQd_g283JpUMFGGK18YwRjjgu2bymr7lOG0pg&s,google_anger_memes/anger_73.jpg
474,anger,https://encrypted-tbn0.gstatic.com/images?q=tbn:ANd9GcQg9c6eJAti1oWri3ytReaasyFPM4ktq1gcJg&s,google_anger_memes/anger_74.jpg
475,anger,https://encrypted-tbn0.gstatic.com/images?q=tbn:ANd9GcRukL6RpBz1OlGUDKE4_pyULUX8LU03Hd3MYw&s,google_anger_memes/anger_75.jpg
476,anger,https://encrypted-tbn0.gstatic.com/images?q=tbn:ANd9GcRj0yIHihWE6i9kzWwyAHjnUNNuDiUR3UL7gA&s,google_anger_memes/anger_76.jpg
477,anger,https://encrypted-tbn0.gstatic.com/images?q=tbn:ANd9GcSYS0pcOF1PLlfgAHB-7K1AnmmJnAfbUGeu-w&s,google_anger_memes/anger_77.jpg
478,anger,https://encrypted-tbn0.gstatic.com/images?q=tbn:ANd9GcQjK9wLcSWO_3kEBNcxlnLgOVcqriB_GOF8nA&s,google_anger_memes/anger_78.jpg
479,anger,https://encrypted-tbn0.gstatic.com/images?q=tbn:ANd9GcTD9T0avcQdFdHTorzMrlyqkhE3diPipc-W9A&s,google_anger_memes/anger_79.jpg
480,anger,https://encrypted-tbn0.gstatic.com/images?q=tbn:ANd9GcQExlSYF1Ui_LL8oSd10Pzke7Sz5bQu9_Vhhw&s,google_anger_memes/anger_80.png
481,anger,https://encrypted-tbn0.gstatic.com/images?q=tbn:ANd9GcS8-ovMmNHHE_GcS3WlSvqldo64jWpF4Oq0cg&s,google_anger_memes/anger_81.jpg
482,anger,https://encrypted-tbn0.gstatic.com/images?q=tbn:ANd9GcQad44wx7mc_De4SBeCk1XSxp3X9vZIjN_Jnw&s,google_anger_memes/anger_82.jpg
483,anger,https://encrypted-tbn0.gstatic.com/images?q=tbn:ANd9GcRqOO7yF0Ga25MyArPDfeZywJbQkrPuErxo6w&s,google_anger_memes/anger_83.jpg
484,anger,https://encrypted-tbn0.gstatic.com/images?q=tbn:ANd9GcTmQEkgQJ2P0sjZ5yU3vtKnwENE41w9o7CJDw&s,google_anger_memes/anger_84.jpg
485,anger,https://encrypted-tbn0.gstatic.com/images?q=tbn:ANd9GcSuNvlMZe2IA83xHPkd-FPrI_YPu4vhbZpM1A&s,google_anger_memes/anger_85.jpg
486,anger,https://encrypted-tbn0.gstatic.com/images?q=tbn:ANd9GcRscegCW6DBMOrRJgTUXCV0OzeuYHaIfhNrWw&s,google_anger_memes/anger_86.jpg
487,anger,https://encrypted-tbn0.gstatic.com/images?q=tbn:ANd9GcR8fr5ZrCib7bX0ErQTwB5_633dbQyzLn7w9A&s,google_anger_memes/anger_87.jpg
488,anger,https://encrypted-tbn0.gstatic.com/images?q=tbn:ANd9GcQb9wyin3o-jXHSjqvSqh-J9SFRbGP2M3WpCw&s,google_anger_memes/anger_88.jpg
489,anger,https://encrypted-tbn0.gstatic.com/images?q=tbn:ANd9GcRVDFaJoLyoGc-AREMy8_nFpx4QPml_iaHahA&s,google_anger_memes/anger_89.jpg
490,anger,https://encrypted-tbn0.gstatic.com/images?q=tbn:ANd9GcROvcCbTeTNOooyk9DpkoWZxmrBBfJS0w9rnr22oQwx5DGv9WqI_4IP&s=0,google_anger_memes/anger_90.jpg
491,anger,https://encrypted-tbn0.gstatic.com/images?q=tbn:ANd9GcSmmIu3QavCtqPXTSQni-QJ5l70EnUITjmZ7g&s,google_anger_memes/anger_91.png
492,anger,https://encrypted-tbn0.gstatic.com/images?q=tbn:ANd9GcQOfbIC_Ofh_NmjqN-M73ndkrNOKI7eyCiiyg&s,google_anger_memes/anger_92.jpg
493,anger,https://encrypted-tbn0.gstatic.com/images?q=tbn:ANd9GcTn6ZoJOpSjLAXmzJpSO6xT9nqjK2I9of8-yw&s,google_anger_memes/anger_93.jpg
494,anger,https://encrypted-tbn0.gstatic.com/images?q=tbn:ANd9GcQKo9ItZAcvobgoeUpbS3WKfjRAk6578FxL2Q&s,google_anger_memes/anger_94.jpg
495,anger,https://encrypted-tbn0.gstatic.com/images?q=tbn:ANd9GcSDzxSSHJOnTeoHwB3D7Sqp9lCKRyTLX6jIbg&s,google_anger_memes/anger_95.jpg
496,anger,https://encrypted-tbn0.gstatic.com/images?q=tbn:ANd9GcSoL8mhKshail_0nXMU4lUTvDnfUNsw-Ukd2A&s,google_anger_memes/anger_96.jpg
497,anger,https://encrypted-tbn0.gstatic.com/images?q=tbn:ANd9GcRt8Gw8wozFiLK6nD0-Lp-vGzVzcTP28IPrvw&s,google_anger_memes/anger_97.jpg
498,anger,https://encrypted-tbn0.gstatic.com/images?q=tbn:ANd9GcStAqohYNO5QshMl54asv_SNOdMME-jtjUaDw&s,google_anger_memes/anger_98.jpg
499,anger,https://encrypted-tbn0.gstatic.com/images?q=tbn:ANd9GcRuiJMTLtsjMp7rOZQDVTf7mMiTLF5tmQgE9w&s,google_anger_memes/anger_99.jpg
500,anger,https://encrypted-tbn0.gstatic.com/images?q=tbn:ANd9GcTjJLW1gFWpk-RHz9ZR5fwtO6bmnyLgEqFp4w&s,google_anger_memes/anger_100.png
501,surprise,https://encrypted-tbn0.gstatic.com/images?q=tbn:ANd9GcSq8x4O4XexLfGb4Q70-X1qMnoHbyi_dHGqJg&s,google_surprise_memes/surprise_1.jpg
502,surprise,https://encrypted-tbn0.gstatic.com/images?q=tbn:ANd9GcT0ksJ6C8wxU6-TUpxjHmkb3joLgErvlHEUW6u3YvN-3BrDwMjYQLal&s=0,google_surprise_memes/surprise_2.jpg
503,surprise,https://encrypted-tbn0.gstatic.com/images?q=tbn:ANd9GcRZsKv6bSsmK3qcdFwO8iDFJODTAfty44-fig&s,google_surprise_memes/surprise_3.jpg
504,surprise,https://encrypted-tbn0.gstatic.com/images?q=tbn:ANd9GcTyTct9KmiW1TaL2jk1-KuSqNvROTEdPoEHjA&s,google_surprise_memes/surprise_4.jpg
505,surprise,https://encrypted-tbn0.gstatic.com/images?q=tbn:ANd9GcSi3MXSMPk1DWAdKP37mNsGvmCwu6vGNFA0Fg&s,google_surprise_memes/surprise_5.jpg
506,surprise,https://encrypted-tbn0.gstatic.com/images?q=tbn:ANd9GcSGJvGFbADQbIORcm_wF5huu6LNZYbCqaFtyg&s,google_surprise_memes/surprise_6.jpg
507,surprise,https://encrypted-tbn0.gstatic.com/images?q=tbn:ANd9GcTF-gUSki0LSPXTH3YMrYkZlb-oWw4mnRhMQg&s,google_surprise_memes/surprise_7.jpg
508,surprise,https://encrypted-tbn0.gstatic.com/images?q=tbn:ANd9GcRTxJhxWCBt1vZkZAhJVNPe6nrn922kO3wG0w&s,google_surprise_memes/surprise_8.jpg
509,surprise,https://encrypted-tbn0.gstatic.com/images?q=tbn:ANd9GcTPfgOsF1oZ2qbu-tq_lB8LY_Bq4GY-WNujtw&s,google_surprise_memes/surprise_9.jpg
510,surprise,https://encrypted-tbn0.gstatic.com/images?q=tbn:ANd9GcQCiJKl698N-XkT14YEqFUXoVOLbj_uSLjSiw&s,google_surprise_memes/surprise_10.jpg
511,surprise,https://encrypted-tbn0.gstatic.com/images?q=tbn:ANd9GcQIHof6O5jUhBBaPkDzys5iq6yDkkUmpJjglQ&s,google_surprise_memes/surprise_11.png
512,surprise,https://encrypted-tbn0.gstatic.com/images?q=tbn:ANd9GcTvpYmspSaoCTx_J9hE6mUyEVP83cGfqDOD6A&s,google_surprise_memes/surprise_12.jpg
513,surprise,https://encrypted-tbn0.gstatic.com/images?q=tbn:ANd9GcQISxxfeq19nwn8ZyR8PHT1pbnUWFwILF03Kw&s,google_surprise_memes/surprise_13.jpg
514,surprise,https://encrypted-tbn0.gstatic.com/images?q=tbn:ANd9GcT_kCy7oTfhttf37PHx_HiEU14I0EX5ovNEnQ&s,google_surprise_memes/surprise_14.jpg
515,surprise,https://encrypted-tbn0.gstatic.com/images?q=tbn:ANd9GcTjxxVk_qFCebh6WJ750UDn2Fz_zjU5o1biBg&s,google_surprise_memes/surprise_15.jpg
516,surprise,https://encrypted-tbn0.gstatic.com/images?q=tbn:ANd9GcT4RDNT9ibbsQCySDSHVx7IV72PZg8Ya9eUvw&s,google_surprise_memes/surprise_16.jpg
517,surprise,https://encrypted-tbn0.gstatic.com/images?q=tbn:ANd9GcSzTcWyvsqtoG4N0NUt8NcqN7jFyZh718zoXA&s,google_surprise_memes/surprise_17.jpg
518,surprise,https://encrypted-tbn0.gstatic.com/images?q=tbn:ANd9GcRx5reUhwBNz7Fcc3l9isXhYtCDHPGNmYWp2A&s,google_surprise_memes/surprise_18.jpg
519,surprise,https://encrypted-tbn0.gstatic.com/images?q=tbn:ANd9GcQVhpFNes1xvmh7JknphzRBb0Yffk-2HVh51A&s,google_surprise_memes/surprise_19.jpg
520,surprise,https://encrypted-tbn0.gstatic.com/images?q=tbn:ANd9GcRICcAZOjuRUOxbvF1T97Ba7_EhS-vC1ive-g&s,google_surprise_memes/surprise_20.jpg
521,surprise,https://encrypted-tbn0.gstatic.com/images?q=tbn:ANd9GcRCauw9v_3ouqtiiY0Xzc5uU2atKz9-3BpWGBLjtdhe9A3aGiSbWeFC7jvL&s,google_surprise_memes/surprise_21.jpg
522,surprise,https://encrypted-tbn0.gstatic.com/images?q=tbn:ANd9GcS_FBGM0ejx3_VApVlLBVmi0iprTc5O0TtEag&s,google_surprise_memes/surprise_22.jpg
523,surprise,https://encrypted-tbn0.gstatic.com/images?q=tbn:ANd9GcSckU1ClGga3uHs3OZRnU9g2r28xT3x0vTnDw&s,google_surprise_memes/surprise_23.jpg
524,surprise,https://encrypted-tbn0.gstatic.com/images?q=tbn:ANd9GcSbkIhgV9Qzwwg4Wc4o97rRna6El_uLanA65A&s,google_surprise_memes/surprise_24.jpg
525,surprise,https://encrypted-tbn0.gstatic.com/images?q=tbn:ANd9GcQ1hnBTeSYI79lg1jFS8pZ9Amq_nAugLXyfKg&s,google_surprise_memes/surprise_25.jpg
526,surprise,https://encrypted-tbn0.gstatic.com/images?q=tbn:ANd9GcQctxz-j34KsabacTpAvisG-syeWzAs0q5UNA&s,google_surprise_memes/surprise_26.jpg
527,surprise,https://encrypted-tbn0.gstatic.com/images?q=tbn:ANd9GcSgnjTmrPoslt5g_b6-vY5YCd_zk-XKuNbpLg&s,google_surprise_memes/surprise_27.jpg
528,surprise,https://encrypted-tbn0.gstatic.com/images?q=tbn:ANd9GcT4D8E0icA5OHzuC-0VXDfI1zXNYmjzQp0iMw&s,google_surprise_memes/surprise_28.jpg
529,surprise,https://encrypted-tbn0.gstatic.com/images?q=tbn:ANd9GcTAM8VTe3NNFpRBzXoCmSk1gmqPPs30Vb_jpA&s,google_surprise_memes/surprise_29.jpg
530,surprise,https://encrypted-tbn0.gstatic.com/images?q=tbn:ANd9GcTYpvKcNFODdp5tu8yAq2SIMrC5j3hKQMVVkQ&s,google_surprise_memes/surprise_30.jpg
531,surprise,https://encrypted-tbn0.gstatic.com/images?q=tbn:ANd9GcTG_kqNCaruiuU5_TYk9aS6ZFFY2Gt_AMUuxg&s,google_surprise_memes/surprise_31.jpg
532,surprise,https://encrypted-tbn0.gstatic.com/images?q=tbn:ANd9GcSjBUG7zEfGw6TfHieSjDBvMecUWqZ7U1jM4Q&s,google_surprise_memes/surprise_32.jpg
533,surprise,https://encrypted-tbn0.gstatic.com/images?q=tbn:ANd9GcSrJQUGBaoiVu6jcq2nwwhC1WfTzyiXPl5H1HP0oi9KOoTVRddcwVoL&s=0,google_surprise_memes/surprise_33.jpg
534,surprise,https://encrypted-tbn0.gstatic.com/images?q=tbn:ANd9GcSH6hHtGTfb75KxOnZ8ufDk2lZSIZV-GoZxLHTapud9sU_Ll07M7D4Q&s=0,google_surprise_memes/surprise_34.jpg
535,surprise,https://encrypted-tbn0.gstatic.com/images?q=tbn:ANd9GcQswvVrokBFJCVTaEtEidxLLkF2xuO-ql3hYQ&s,google_surprise_memes/surprise_35.jpg
536,surprise,https://encrypted-tbn0.gstatic.com/images?q=tbn:ANd9GcSuJSRa-gJoKTZ7SOWgjcCeWlbVTJTvYXlg3w&s,google_surprise_memes/surprise_36.jpg
537,surprise,https://encrypted-tbn0.gstatic.com/images?q=tbn:ANd9GcQV4SUrFe-kB9jMxYriI6nwmxe-2LD3w-d_uQ&s,google_surprise_memes/surprise_37.jpg
538,surprise,https://encrypted-tbn0.gstatic.com/images?q=tbn:ANd9GcTabzgJliFjkMnbgw1Z3JtKIvRozdOxORVLBQ&s,google_surprise_memes/surprise_38.jpg
539,surprise,https://encrypted-tbn0.gstatic.com/images?q=tbn:ANd9GcTTuUGgsjoTLJQHxlBv4HBx_1DMeYBBW2-siQ&s,google_surprise_memes/surprise_39.jpg
540,surprise,https://encrypted-tbn0.gstatic.com/images?q=tbn:ANd9GcTV_Lu_mhZ4vMEhg4qcAecmUKfoADRohOKXlg&s,google_surprise_memes/surprise_40.jpg
541,surprise,https://encrypted-tbn0.gstatic.com/images?q=tbn:ANd9GcQT2aufwpKLymkte4xQ2a0YpCa1cNY0YmpTXA&s,google_surprise_memes/surprise_41.jpg
542,surprise,https://encrypted-tbn0.gstatic.com/images?q=tbn:ANd9GcQNxN4cN1dA3bBl_DAtM5b--EJgyz5fPSXKkg&s,google_surprise_memes/surprise_42.png
543,surprise,https://encrypted-tbn0.gstatic.com/images?q=tbn:ANd9GcSqj4M7Is28ki11yfX9cJ_V5phHME9zhvW7sg&s,google_surprise_memes/surprise_43.jpg
544,surprise,https://encrypted-tbn0.gstatic.com/images?q=tbn:ANd9GcTwg9duwcZ2m47gAVFMdXjevdjWZDL7XYL8eA&s,google_surprise_memes/surprise_44.jpg
545,surprise,https://encrypted-tbn0.gstatic.com/images?q=tbn:ANd9GcTI0atDZTKnAH9rtTNfkMpy5uYVOaJsLFwmM9IPUUSk85aOguTbxyOm9gHt&s,google_surprise_memes/surprise_45.jpg
546,surprise,https://encrypted-tbn0.gstatic.com/images?q=tbn:ANd9GcQ7fmV1wbkV228GlWHvQxIZIRQpida5erY3Yg&s,google_surprise_memes/surprise_46.jpg
547,surprise,https://encrypted-tbn0.gstatic.com/images?q=tbn:ANd9GcT3UtYASghWhFzDN9oz_Fe8zEzRmav6ziJ-5w&s,google_surprise_memes/surprise_47.jpg
548,surprise,https://encrypted-tbn0.gstatic.com/images?q=tbn:ANd9GcRvIn9_S65YU7DwfXX3JBtg5aUWk_TQSPFmrQ&s,google_surprise_memes/surprise_48.jpg
549,surprise,https://encrypted-tbn0.gstatic.com/images?q=tbn:ANd9GcQ5wSC8HZSSH23PNeTManESj7lsEfANNpgMJg&s,google_surprise_memes/surprise_49.jpg
550,surprise,https://encrypted-tbn0.gstatic.com/images?q=tbn:ANd9GcT5FQjpTzpIqmO8Fi53iguyzmBCj1Q_QeQBXQ&s,google_surprise_memes/surprise_50.jpg
551,surprise,https://encrypted-tbn0.gstatic.com/images?q=tbn:ANd9GcQPLzAAxokp20krODVe_7BswOP6YwQRcHwL1w&s,google_surprise_memes/surprise_51.jpg
552,surprise,https://encrypted-tbn0.gstatic.com/images?q=tbn:ANd9GcSELM-T0E7oDSx2M-d_PXyXfstMXYSveQzgCg&s,google_surprise_memes/surprise_52.jpg
553,surprise,https://encrypted-tbn0.gstatic.com/images?q=tbn:ANd9GcSPaNudE2zUyRPORpXixIM2Xnz3aO5CdB4XVg&s,google_surprise_memes/surprise_53.jpg
554,surprise,https://encrypted-tbn0.gstatic.com/images?q=tbn:ANd9GcQwucuwUe0EUfXXqnmTPuXop6VOYe1ncbbN5w&s,google_surprise_memes/surprise_54.jpg
555,surprise,https://encrypted-tbn0.gstatic.com/images?q=tbn:ANd9GcS5nf-DLsxON9FKKTnMZ37DryPDFLg9lOtLUQ&s,google_surprise_memes/surprise_55.jpg
556,surprise,https://encrypted-tbn0.gstatic.com/images?q=tbn:ANd9GcSWXK4ljO50vFhhXzkErFAVDL-mW2I7BfyOvw&s,google_surprise_memes/surprise_56.jpg
557,surprise,https://encrypted-tbn0.gstatic.com/images?q=tbn:ANd9GcQoo2aJZWGSr2mF9NRAlgXB-ng-QvD3ji0AgQ&s,google_surprise_memes/surprise_57.jpg
558,surprise,https://encrypted-tbn0.gstatic.com/images?q=tbn:ANd9GcSZUI8dtACL13E0ZddHiDQkJC7ww9knKqqJEg&s,google_surprise_memes/surprise_58.jpg
559,surprise,https://encrypted-tbn0.gstatic.com/images?q=tbn:ANd9GcS-eMZ_k-PMvA7jp608z96EGVU56e_mXwlnTwLcJaAWId2cdDOt_AIn&s=0,google_surprise_memes/surprise_59.jpg
560,surprise,https://encrypted-tbn0.gstatic.com/images?q=tbn:ANd9GcTCMJ4oaLuBEq03Tnt8zjK9KyNVnY5S7F7zgg&s,google_surprise_memes/surprise_60.jpg
561,surprise,https://encrypted-tbn0.gstatic.com/images?q=tbn:ANd9GcSjshb97IJ_ggihxtGEq8XD8jtoGubr5xbrbg&s,google_surprise_memes/surprise_61.jpg
562,surprise,https://encrypted-tbn0.gstatic.com/images?q=tbn:ANd9GcR1vTS2l0CFF62PZEm_Fx_fs2dqzZxBPNjgjQ&s,google_surprise_memes/surprise_62.jpg
563,surprise,https://encrypted-tbn0.gstatic.com/images?q=tbn:ANd9GcSWqqYynFgjpM_VJFv_KfqFv7wbqb1ZGOTUCA&s,google_surprise_memes/surprise_63.jpg
564,surprise,https://encrypted-tbn0.gstatic.com/images?q=tbn:ANd9GcRCiEh4n19PDgQ4ZD2SqVpOVXHprcPhhHEn3w&s,google_surprise_memes/surprise_64.jpg
565,surprise,https://encrypted-tbn0.gstatic.com/images?q=tbn:ANd9GcQO-njUXP9yLFqksa2c2qJU8HqDnful3_uG9Q&s,google_surprise_memes/surprise_65.jpg
566,surprise,https://encrypted-tbn0.gstatic.com/images?q=tbn:ANd9GcQnLixi_1ZgRIHyKLOm9QXKCSbHmRaHl8BJ5w&s,google_surprise_memes/surprise_66.jpg
567,surprise,https://encrypted-tbn0.gstatic.com/images?q=tbn:ANd9GcToLrKgU_t8yiCs3WC34jUFyKBjFTysIrqDTGU3bTGOxo_sI4i7opNk&s=0,google_surprise_memes/surprise_67.jpg
568,surprise,https://encrypted-tbn0.gstatic.com/images?q=tbn:ANd9GcSjsJIrHvWBg4JidGXpd_Ag1VvjTHJaEa87OQ&s,google_surprise_memes/surprise_68.jpg
569,surprise,https://encrypted-tbn0.gstatic.com/images?q=tbn:ANd9GcQITEubywdOVhAE-FlAAVrmWCG9EHHhQgPtUA&s,google_surprise_memes/surprise_69.jpg
570,surprise,https://encrypted-tbn0.gstatic.com/images?q=tbn:ANd9GcR-geICvrw8DLs0g-ZoSwgxk9GA8iSTcDj_aQ&s,google_surprise_memes/surprise_70.jpg
571,surprise,https://encrypted-tbn0.gstatic.com/images?q=tbn:ANd9GcRHwUZ9-oZMbFXCTz3dA1Z45CrVAtzX6RpccA&s,google_surprise_memes/surprise_71.jpg
572,surprise,https://encrypted-tbn0.gstatic.com/images?q=tbn:ANd9GcSMrXsAdnIlRjnIEY-CTGv5H1USaBHSkodgCg&s,google_surprise_memes/surprise_72.jpg
573,surprise,https://encrypted-tbn0.gstatic.com/images?q=tbn:ANd9GcS7lgL_DMC-crg5F4i4oSI62Wmpb0cBF1a2Zg&s,google_surprise_memes/surprise_73.jpg
574,surprise,https://encrypted-tbn0.gstatic.com/images?q=tbn:ANd9GcT052euvwi0i0bxnbwndwG0Rs8WDqBv8yFMaQ&s,google_surprise_memes/surprise_74.jpg
575,surprise,https://encrypted-tbn0.gstatic.com/images?q=tbn:ANd9GcRWQb2aQ6-KU56E7bXcr_u-E_xDuhlrXEvCBsUrfDLl&s=0,google_surprise_memes/surprise_75.jpg
576,surprise,https://encrypted-tbn0.gstatic.com/images?q=tbn:ANd9GcTBbzr8vbMP92bsku0ANIbhExwyXOLwvTjpQA&s,google_surprise_memes/surprise_76.jpg
577,surprise,https://encrypted-tbn0.gstatic.com/images?q=tbn:ANd9GcTVKKw-A_344KNovY-31XML4rG23RxO2l02gQ&s,google_surprise_memes/surprise_77.jpg
578,surprise,https://encrypted-tbn0.gstatic.com/images?q=tbn:ANd9GcTmTFZX_hle3DZ2y1o06XztyHG4_dwXPYqpvw&s,google_surprise_memes/surprise_78.jpg
579,surprise,https://encrypted-tbn0.gstatic.com/images?q=tbn:ANd9GcTmy5YqKR97ogwUz72ZOhmJcl_oGkDhyDa_UA&s,google_surprise_memes/surprise_79.jpg
580,surprise,https://encrypted-tbn0.gstatic.com/images?q=tbn:ANd9GcThhOIl58knMxkUngHobJFsVcbIpNuLadjCBg&s,google_surprise_memes/surprise_80.jpg
581,surprise,https://encrypted-tbn0.gstatic.com/images?q=tbn:ANd9GcStQZtmXmZpA8N9-tjrVosE0gHKn1en6lH5pg&s,google_surprise_memes/surprise_81.jpg
582,surprise,https://encrypted-tbn0.gstatic.com/images?q=tbn:ANd9GcRIZ_WX50tz9j-ZDAetVYX2EpKlOYyY8PfVx3-sQ1-YJbKItduHrhiYqn2d&s,google_surprise_memes/surprise_82.jpg
583,surprise,https://encrypted-tbn0.gstatic.com/images?q=tbn:ANd9GcRpeKBWchMO9AsSDacYIS_na_fFQs69qWCy6A&s,google_surprise_memes/surprise_83.jpg
584,surprise,https://encrypted-tbn0.gstatic.com/images?q=tbn:ANd9GcRptPbdSyGKPPskOE1eQTGCj4gmeslCwOR_-w&s,google_surprise_memes/surprise_84.jpg
585,surprise,https://encrypted-tbn0.gstatic.com/images?q=tbn:ANd9GcTHxjT8sVNs-27ndPxk4_ilsnUXaGis7JURKw&s,google_surprise_memes/surprise_85.jpg
586,surprise,https://encrypted-tbn0.gstatic.com/images?q=tbn:ANd9GcRQlrvGWibjTsyCbjhgRCWsGppSBf33U8X2Gw&s,google_surprise_memes/surprise_86.jpg
587,surprise,https://encrypted-tbn0.gstatic.com/images?q=tbn:ANd9GcTITV9hV8KV51vHmZ-AqrAVRxujE0s3Imp1Hg&s,google_surprise_memes/surprise_87.jpg
588,surprise,https://encrypted-tbn0.gstatic.com/images?q=tbn:ANd9GcT3Bfws2Z2Ds6ciCcDRmcRGTwpGE2rILWT6bQ&s,google_surprise_memes/surprise_88.jpg
589,surprise,https://encrypted-tbn0.gstatic.com/images?q=tbn:ANd9GcThSfjqH7I52in15EGSSF2HixT3JwNe8QeUUQ&s,google_surprise_memes/surprise_89.jpg
590,surprise,https://encrypted-tbn0.gstatic.com/images?q=tbn:ANd9GcT60wG1ZabKVZ-BG2hoPqYOnYb02O3Ljksdbw&s,google_surprise_memes/surprise_90.jpg
591,surprise,https://encrypted-tbn0.gstatic.com/images?q=tbn:ANd9GcTkaH9F6p76AW_htqv1iVZbK5as8X0QqM15OQ&s,google_surprise_memes/surprise_91.jpg
592,surprise,https://encrypted-tbn0.gstatic.com/images?q=tbn:ANd9GcTYMLRp6jryGE7k-LPOfOuWNv44k_Lkmse4mw&s,google_surprise_memes/surprise_92.jpg
593,surprise,https://encrypted-tbn0.gstatic.com/images?q=tbn:ANd9GcTx6EYMqxNaP96AhHw_F2hVE5FIaKkxPhqb7w8tk0yA&s=0,google_surprise_memes/surprise_93.jpg
594,surprise,https://encrypted-tbn0.gstatic.com/images?q=tbn:ANd9GcSClBZgTsnfcxk2L6gDUANs5TQ_zHwNSINdpg&s,google_surprise_memes/surprise_94.jpg
595,surprise,https://encrypted-tbn0.gstatic.com/images?q=tbn:ANd9GcQYoDKVTowK25Z4KIxMk9_weaDsYd9oAmxCfQ&s,google_surprise_memes/surprise_95.jpg
596,surprise,https://encrypted-tbn0.gstatic.com/images?q=tbn:ANd9GcRl3P92avOPDoBWTPhQJPxpj83nc9uPYDsnOj3vw5j9&s=0,google_surprise_memes/surprise_96.jpg
597,surprise,https://encrypted-tbn0.gstatic.com/images?q=tbn:ANd9GcREhCwID5OD2qOf49GISEuW4QwO8YU-TBOv3g&s,google_surprise_memes/surprise_97.jpg
598,surprise,https://encrypted-tbn0.gstatic.com/images?q=tbn:ANd9GcRuvRTNxD9QShZIXuvKZQp-k2Ti2Wl3GmyNHA&s,google_surprise_memes/surprise_98.jpg
599,surprise,https://encrypted-tbn0.gstatic.com/images?q=tbn:ANd9GcQzNTIANhrXPrMxNMzsigJ_0OSXQn2hcd9fjQ&s,google_surprise_memes/surprise_99.jpg
600,surprise,https://encrypted-tbn0.gstatic.com/images?q=tbn:ANd9GcQ1VlAMdf-JKvoEo8RDZuTFpimK5QOHDw4VPw&s,google_surprise_memes/surprise_100.jpg
